url,label
diaryofagameaddict.com,bad
espdesign.com.au,bad
iamagameaddict.com,bad
kalantzis.net,bad
slightlyoffcenter.net,bad
toddscarwash.com,bad
tubemoviez.com,bad
ipl.hk,bad
crackspider.us/toolbar/install.php?pack=exe,bad
pos-kupang.com/,bad
rupor.info,bad
svision-online.de/mgfi/administrator/components/com_babackup/classes/fx29id1.txt,bad
officeon.ch.ma/office.js?google_ad_format=728x90_as,bad
sn-gzzx.com,bad
sunlux.net/company/about.html,bad
outporn.com,bad
timothycopus.aimoo.com,bad
xindalawyer.com,bad
freeserials.spb.ru/key/68703.htm,bad
deletespyware-adware.com,bad
orbowlada.strefa.pl/text396.htm,bad
ruiyangcn.com,bad
zkic.com,bad
adserving.favorit-network.com/eas?camp=19320;cre=mu&grpid=1738&tag_id=618&nums=FGApbjFAAA,bad
cracks.vg/d1.php,bad
juicypussyclips.com,bad
nuptialimages.com,bad
andysgame.com,bad
bezproudoff.cz,bad
ceskarepublika.net,bad
hotspot.cz,bad
gmcjjh.org/DHL,bad
nerez-schodiste-zabradli.com,bad
nordiccountry.cz,bad
nowina.info,bad
obada-konstruktiwa.org,bad
otylkaaotesanek.cz,bad
pb-webdesign.net,bad
pension-helene.cz,bad
podzemi.myotis.info,bad
smrcek.com,bad
spekband.com,bad
m2132.ehgaugysd.net/zyso.cgi?18,bad
webcom-software.ws/links/?153646e8b0a88,bad
worldgymperu.com,bad
zgsysz.com,bad
oknarai.ru,bad
realinnovation.com/css/menu.js,bad
hardcorepornparty.com,bad
zous.szm.sk,bad
noveslovo.com,bad
dimsnetwork.com,bad
luckyblank.info,bad
luckyclean.info,bad
luckyclear.info,bad
luckyeffect.info,bad
luckyhalo.info,bad
luckypure.info,bad
luckyshine.info,bad
luckysuccess.info,bad
luckysure.info,bad
luckytidy.info,bad
nudebeachgalleries.net,bad
buffalogoesout.com,bad
achren.org,bad
associatesexports.com,bad
antalya.ru/links/,bad
conds.ru,bad
img001.com/business/qiji.exe,bad
unalbilgisayar.com,bad
soundcomputers.net,bad
t-sb.net,bad
hanulsms.com,bad
semengineers.com,bad
srslogisticts.com,bad
tendersource.com,bad
traff1.com/in.cgi?5,bad
web-olymp.ru,bad
oprahsearch.com/scripts/net19.exe,bad
oprahsearch.com/scripts/brez251.exe,bad
rl8vd.kikul.com/ci7ka5t2ue,bad
sbnc.hak.su/spread.txt,bad
somnoy.com,bad
incoctel.cl/8RHFBgK4.php?html=27,bad
incoctel.cl/8RHFBgK4.php?id=23694557,bad
westlifego.com/js/jquery-1.3.2.min.js,bad
westlifego.com,bad
nadegda-95.ru,bad
romsigmed.ro,bad
spatsz.com,bad
svetyivanrilski.com,bad
titon.info,bad
tophostbg.net,bad
vivaweb.org,bad
vocational-training.us,bad
warco.pl,bad
bde.be,bad
pwvita.pl,bad
roks.ua,bad
skgroup.kiev.ua,bad
tecnocuer.com,bad
tk-gregoric.si,bad
tomalinoalambres.com.ar,bad
vipdn123.blackapplehost.com,bad
womenslabour.org,bad
wroclawski.com.pl,bad
xoomer.alice.it/email02/bom.jpg,bad
propan.ru/forum/downloads.php,bad
firehouse651.com/gallery/images/copyright.txt,bad
freewebtown.com/atakus/Nokia/BotNetNew.txt,bad
webcashmaker.com/v2/members/trade_traffic.php,bad
stormpages.com/script/PHP.txt,bad
stormpages.com/master/psy.txt,bad
stormpages.com/master/ping.txt,bad
stormpages.com/diantara/BOT.txt,bad
spykit.110mb.com/tools/id.txt,bad
sentrol.cl/components/kampret.jpg,bad
kjbbc.net/bbs/data/gallery/1207290228/inbox.txt,bad
stormpages.com/ariefdream/nidec.txt,bad
stormpages.com/blewah/bot.txt,bad
stormpages.com/hasheo/mil.txt,bad
stormpages.com/hasheo/naoky.txt,bad
stormpages.com/hasheo/ros.txt,bad
stormpages.com/master/VoLcoM_04.txt,bad
stormpages.com/p38r1/aku.txt,bad
stormpages.com/script/PHP.txt,bad
stormpages.com/script/ping.txt,bad
torgi.kz/help/id2.txt,bad
torgi.kz/help/idxx.txt,bad
uriyuri.com/bbs/skin/zero_vote/1.txt,bad
usaenterprise.com/images/images.txt,bad
wigglewoo.com/portfolio/contests/contest-006.png,bad
xorgwebs.webs.com/stx.1,bad
plengeh.wen.ru/id.txt,bad
wahyufian.zoomshare.com/files/bot.txt,bad
hospedar.xpg.com.br/nome.txt,bad
dl.heima8.com/pv/dl.htm?adid=20132&sid=0211,bad
update.51edm.net/20090728/01.dll,bad
update.51edm.net/20090728/01.kdg,bad
xiruz.kit.net/mola.jpg,bad
wfoto.front.ru/fotos.com,bad
ska.energia.cz/download/imer.up,bad
obyz.de/webproxytest.txt,bad
callingcardsinstantly.com/webalizer/050709wareza/crack=17=keygen=serial.html,bad
dawnframing.com/webalizer/050709wareza/crack=17=keygen=serial.html,bad
free-crochet-pattern.com/webalizer/050709wareza/crack=17=keygen=serial.html,bad
js.tongji.linezing.com/1189582/tongji.js,bad
oiluk.net/cache/cache_94afbfb2f291e0bf253fcf222e9d238e_180836f9b956ab9d91a50f9add968699,bad
adgallery.whitehousedrugpolicy.gov/members/Miley-Cyrus-Nude/default.aspx,bad
vvvic.com,bad
sportsulsan.co.kr/poll/aipi/id.txt,bad
papamamandoudouetmoi.com,bad
hst-19-33.splius.lt:8080,bad
tabex.sopharma.bg:8080,bad
professionalblackbook.com/,bad
0koryu0.easter.ne.jp,bad
whitesports.co.kr,bad
typeofmarijuana.com/,bad
trafficgrowth.com/,bad
thcvaporizer.com/,bad
roorbong.com/,bad
thcextractor.com/,bad
purethc.com/,bad
potvaporizer.com/,bad
portablevaporizer.com/,bad
cannabispicture.com/,bad
cannabislyric.com/,bad
dp-medien.eu,bad
juedische-kammerphilharmonie.de,bad
utopia-muenchen.de,bad
vernoblisk.com,bad
vural-electronic.com,bad
purplehorses.net/?page=bleach-244-online,bad
wildsap.com/?kkk=bleach-episodes-244,bad
ohiomm.com/?page=bleach-244-vosta,bad
saturnleague.com/mxbb/?kkk=bleach-244-english-sub,bad
be-funk.com/?kkk=bleach-244-english-sub,bad
revistaelite.com/?topic=bleach-244-english-sub,bad
wrestlingexposed.com/faq.php?t=bleach-244-english-sub,bad
revistaelite.com/?topic=bleach-244-raw,bad
santacruzsuspension.com/?j=bleach-episode-245,bad
sitepalace.com/w0rmreaper/NoVaC.jpeg,bad
doctor-alex.com/files/SetupDrAlex.exe,bad
cznshuya.ivnet.ru/,bad
tpt.edu.in/,bad
inlinea.co.uk,bad
inlinea.co.uk/suspended.page/,bad
inlinea.co.uk/adnep/simple.php,bad
inlinea.co.uk/adnep/tahitian.php,bad
downloads-whatsapp.com/whatsapp-for-samsung.php,bad
websalesusa.com/ken,bad
rempko.sk/kontakt.htm,bad
secondome.com/sora-margherita/,bad
reishus.de/.sys/?action=fbgen&mode=s&age=193&a=-186345958&v=82&crc=669&ie=6.0.2900.2180,bad
sexzoznamka.eu/lightbox/js/r/files/tasks/AC,bad
a.update.51edm.net/20100223/01.kdg?md5=ab2676ca2190bc21abcba6e5f5b3b2a7,bad
bravetools.net/en/mytools.php,bad
vette-porno.nl,bad
obkom.net.ua/bancodes/rotator.php?place=indexfoot,bad
wkmg.co.kr/bbs/lib/1.txt,bad
blacknite.eu/cracking/Pelite.EXE,bad
bargainracks.co.uk/img/common/1x2.gif,bad
pokachi.net/,bad
pride-u-bike.com/2006/09/30/akkymtlator/,bad
pride-u-bike.com/2007/06/23/s-tolkacha/,bad
pride-u-bike.com/2007/07/30/doroga-smerti/,bad
pride-u-bike.com/byzapimoto/,bad
pride-u-bike.com/motorcycle/suzuki-motorcycle/,bad
pride-u-bike.com/motorcycle/vozdeniye-motorcycle/,bad
pride-u-bike.com/sell/honda-steed-400-1996/,bad
pride-u-bike.com/sell/honda-vfr400r-nc30/,bad
quotidiennokoue.com/,bad
quotidiennokoue.com/?cat=5,bad
quotidiennokoue.com/?p=558,bad
safety.amw.com/family/ask-john-walsh-how-can-i-tell-if-a-child-has-been-abused/,bad
safety.amw.com/home/stop-domestic-violence-before-it-starts/,bad
wmserver.net/sgcg/?page_id=5,bad
wp9.ru/,bad
sanseracingteam.com/wordpress/,bad
sanseracingteam.com/wordpress/?p=128,bad
sonnoli.com/?page_id=5,bad
stirparts.ru/,bad
tiergestuetzt.de/,bad
pic.starsarabian.com/,bad
angolotesti.it/J/testi_canzoni_jovanotti_168/testo_canzone_chissa_se_stai_dormendo_9566.html,bad
w612.nb.host127-0-0-1.com/bins/int/kr3_znp.int?fxp=384bd820008ee37f030b3e65bca6e8a1a65beab33574f567a23b0a987ca83e6544e3e645,bad
q28840.nb.host127-0-0-1.com/bins/int/tp_map16.int?fxp=5936289861f351e362768cf97e7b45e0648647f26c6d6750fb2298af91238cf9c815a461,bad
w4988.nb.host127-0-0-1.com/bins/int/np_pkz.int?affid=NP_0104&fxp=85c26940bd074d9ebe8290842bca496331374b71c3b8806954f77f9,bad
z32538.nb.host127-0-0-1.com/bins/int/np_pkz.int?affid=NP_0104&fxp=2ac11c971204a16811817c725e04d68a44f9d4987c472f66eb08d0,bad
afa15.com.ne.kr/media/videoxxx.avi.exe,bad
rsiuk.co.uk/cinch/index.html,bad
fgawegwr.chez.com/images/1273471091.exe,bad
montezuma.spb.ru/key/72548.htm,bad
freeserials.ws/sn/64850.html,bad
allxscan.tk/ddt/load.php?f=1&e=4,bad
pornstarss.tk/ntk/index.php?ID=105828,bad
helesouurusa.cjb.com/land/video.php?l=4:52&id=1&n=my_loli2&a=mike&path=./tmb/my_loli2/31.jpg&rat=./img/rating5.jpg&v=61545,bad
helesouurusa.cjb.com/land/?n=my_loli2&id=1,bad
luwyou.com/photos.php,bad
update.onescan.co.kr/setupa/onescansetup.exe,bad
sudcom.org/tmp/source/index.php,bad
sudcom.org/tmp/source/pdf.php,bad
scdsfdfgdr12.tk/go/?afid=51,bad
scaner-do.tk/go/?afid=51,bad
scaner-file.tk/go/?afid=51,bad
scaner-figy.tk/go/?afid=51,bad
ns2ns1.tk/test/index.php,bad
ns2ns1.tk/test/load.php?f=1&e=2,bad
scaner-or.tk/go/?afid=51,bad
exsexytop.tk/www/index.php,bad
exsexytop.tk/www/load.php?f=1&e=2,bad
scaner-sboom.tk/go/?afid=96,bad
scaner-sbite.tk/go/?afid=,bad
scaner-tfeed.tk/go/?afid=96,bad
linkforme.tk/www1/load.php?f=1&e=2,bad
linkforme.tk/www1/index.php,bad
scaner-tgame.tk/go/?afid=51,bad
scaner-sdee.tk/go/?afid=51,bad
web-fill.tk/go/?afid=51,bad
internet-bb.tk/go/?afid=51,bad
textsex.tk/str/index.php,bad
textsex.tk/str/load.php?f=1&e=4,bad
live-dir.tk/go/?afid=51,bad
mbrdot.tk/123/index.php,bad
mbrdot.tk/123/load.php?f=1&e=6,bad
zyxyfy.com/images/ner.html,bad
sexyster.tk/lo/index.php,bad
sexyster.tk/lo/load.php?f=1&e=6,bad
fkhfgfg.tk/123/load.php?file=0,bad
fkhfgfg.tk/123/load.php?file=1,bad
fkhfgfg.tk/123/load.php?file=ftpgrabber,bad
fkhfgfg.tk/123/load.php?file=pokergrabber,bad
web-domain.tk/go/?afid=51,bad
unlim-app.tk/go/?afid=51,bad
new-address.tk/go/?afid=80,bad
gameangel.com/System/html/js/html.js,bad
vvps.ws/44/mothersdarlingcross.php?,bad
beldiplomcom.75.com1.ru/true.php,bad
beldiplomcom.75.com1.ru/loading.php?spl=mdac,bad
url-cameralist.tk/go/?afid=136,bad
site-checksite.tk/go/?afid=144,bad
downloaddirect.com/software/vlc-player/2567,bad
kcta.or.kr/js/json.js,bad
spris.com/images/log.txt,bad
new-softdriver.tk/go/?afid=90,bad
orkut.krovatka.su/imagem-542454.jpg,bad
faq-candrive.tk/go/?afid=51,bad
job-compuse.tk/go/?afid=90,bad
hosting-controlnext.tk/go/?afid=51,bad
hosting-controlid1.tk/go/?afid=156,bad
hosting-controlid1.tk/go/?afid=90,bad
hosting-controlpin.tk/go/?afid=51,bad
hosting-controlpr.tk/go/?afid=51,bad
image-circul.tk/go/?afid=51,bad
job-companybuild.tk/go/?afid=51,bad
lab-cntest.tk/go/?afid=90,bad
bookofkisl.com/album.php,bad
infoweb-coolinfo.tk/90/?afid=90,bad
alissonluis-musico.sites.uol.com.br/mar.jpg,bad
skiholidays4beginners.com/subtraction-scorpio-male-and-virgo-female-compatiblity/,bad
patrickhickey.eu/concertina-free-short-skits-scripts-in-hindi-for-independence-day/,bad
rolemodelstreetteam.invasioncrew.com/raazuc/Dossier-For-M,bad
hy-brasil.mhwang.com/,bad
marx-brothers.mhwang.com/,bad
networkmedical.com.hk/defeating-innova-champion-discs-inc-raven/,bad
wallpapers91.com,bad
rat-on-subway.mhwang.com/,bad
dowdenphotography.com/ps/wy-template-printable-brain-cap-teaching-anatomy.htm,bad
seet10.jino.ru,bad
vkont.bos.ru,bad
download207.mediafire.com/2ezaemp68lyg/fe8lc6kqa1f06n1/Grand+Theft+Modification.zip,bad
dl.downf468.com/n/3.0.25/3299664/manual-básico-de-windows-movie-maker.exe,bad
widestep.com/files/ws_qk_install.exe,bad
casamama.nl/,bad
seoholding.com/13/overblog,bad
seonetwizard.com/in.cgi?3,bad
seoholding.com/13/overblog&usg=AFQjCNGS7Xe0yilVQ6lGj3Oroonf7-gfhg,bad
makohela.tk/kingofthelamers.jar,bad
crackzone.net/data/Super_Mp3_Download_Version_3.3.4.6_serial_keys_gen-bee3afe71a.html,bad
seoholding.com/13/boardhost,bad
infra.by/conflq.php,bad
elocumjobs.com/_sql/1/index.php?spl=mdac,bad
nobodyspeakstruth.narod.ru/upload/main.exe,bad
remorcicomerciale.ro/hyb7w2u/index.html,bad
negociosdasha.com/uqa5q2p/index.html,bad
eldiariodeguadalajara.com/153c5f/index.html,bad
paracadutismolucca.it/fe7041/index.html,bad
aintdoinshit.com/,bad
cswilliamsburg.com/site7/data/,bad
bj04.com/myimg/?IMG1507.jpg,bad
pamoran.net/forum/got.php?sid=1,bad
pamoran.net/forum/go.php?sid=1,bad
police11.provenprotection.net/?1284cf325cf33aa48aeb29aee89b3473,bad
qbike.com.br/lidn.html,bad
serraikizimi.gr/akAYd6dn/index.html,bad
0zz0.com/2012/05/05/18/394995639.gif,bad
2.0zz0.com/2012/05/06/00/464591666.gif,bad
metrocuadro.com.ve/coolest/2013googledocs/,bad
petpleasers.ca/templates/rhuk_milkyway/images/red/sll.exe,bad
dimenal.com.br/cUEDN4w2/index.html?s=883&lid=2267&elq=11f7b1b5179f45b09737bdf10d0fe61f,bad
dimenal.com.br/HHv0oxBP/index.html?s=883&lid=2298&elq=11f7b1b5179f45b09737bdf10d0fe61f,bad
miespaciopilates.com/7Fy2FzNg/index.html,bad
puenteaereo.info/fHA5c5iw/index.html?s=883&lid=2231&elq=11f7b1b5179f45b09737bdf10d0fe61f,bad
puenteaereo.info/fHA5c5iw/index.html?s=883&lid=2270&elq=11f7b1b5179f45b09737bdf10d0fe61f,bad
puenteaereo.info/KE3pt5Ye/index.html?s=883&lid=2328&elq=11f7b1b5179f45b09737bdf10d0fe61f,bad
serciudadano.com.ar/wp-content/uploads/report.htm,bad
zjjlf.croukwexdbyerr.net/zyso.cgi?16,bad
panazan.ro/online/libraries/pattemplate/patTemplate/Modifier/HTML/im/o/z/3pingo/cfg.bin,bad
panazan.ro/online/libraries/pattemplate/patTemplate/Modifier/HTML/im/o/z/3pingo/gate.php,bad
two-of-us.at/images/W.exe,bad
poffet.net/mail.htm,bad
ns1.updatesdns.org/static.htmls,bad
topdecornegocios.com.br/EiqyDBxS/index.html,bad
win2150.vs.easily.co.uk/f49oj2TB/index.html,bad
stailapoza.ro/9kxmzBou/index.html,bad
two-of-us.at/images/vein.exe,bad
qualityindustrialcoatings.com/wM19L5ST/index.html,bad
avrakougioumtzi.gr/r3qd8wqB/index.html,bad
two-of-us.at/images/s4x.exe,bad
two-of-us.at/images/s2x.exe,bad
wetjane.x10.mx/,bad
storgas.co.rs/ahinfo.html,bad
two-of-us.at/images/s2.exe,bad
two-of-us.at/images/m.exe,bad
two-of-us.at/images/digitalcoinminer.exe,bad
two-of-us.at/images/dgc4x.exe,bad
two-of-us.at/images/dc.exe,bad
elew72isst.rr.nu/mm.php?d=x1,bad
two-of-us.at/images/bz.exe,bad
two-of-us.at/images/BR.exe,bad
two-of-us.at/images/aurcoinlab.exe,bad
markbruinink.nl/wp-admin/cnt.php,bad
perupuntocom.com/claroideas.exe,bad
asu.msmu.ru/templates/atomic/check.php,bad
parfumer.by/templates/atomic/check.php,bad
two-of-us.at/images/au4x.exe,bad
vdh-rimbach.de/oben/oben.htm,bad
xamateurpornlic.www1.biz/latest/xxx-porn-movie.avi.exe,bad
two-of-us.at/images/1.exe,bad
two-of-us.at/images/pictures.php,bad
tracking-stats-tr.usa.cc/links/convinces_lain_arranges.php,bad
publiccasinoil.com/links/orders-addressing_peace_driver.php,bad
stjohnsdryden.org/img/common/download.php,bad
3.bluepointmortgage.com/links/landing-philosophy_dry-suspende.php,bad
3.coolerpillow.com/links/landing-philosophy_dry-suspende.php,bad
4.androidislamic.com/links/created_danger.php,bad
4.collecorvino.org/links/landing-philosophy_dry-suspende.php,bad
4.dlevo.com/links/landing-philosophy_dry-suspende.php,bad
milleniumpapelaria.com.br/tag/class/editor.php?edit=gz,bad
xpornstarsckc.ddns.name/latest/xxx-porn-movie.avi.exe,bad
natural.buckeyeenergyforum.com/r/l/the-joint.php,bad
narrow.azenergyforum.com/r/l/brown_season.php,bad
upswings.net/track.php?c005,bad
lyzgs.com/track.php?c005,bad
weboxmedia.by/track.php?c005,bad
4.dlevo.com/links/created_danger.php,bad
4.e-why.net/links/becoming-either.php,bad
ukrfarms.com.ua/images/tovar.jpg.php,bad
babos.scrapping.cc/v211112n/i.php?token=forum,bad
2607.cn/1/t1.php,bad
5.eventiduepuntozero.com/links/becoming-either.php,bad
5.estasiatica.com/links/becoming-either.php,bad
mlpoint.pt/Scripts/d.html,bad
4.newenergydata.biz/links/apply-grants_catch.php,bad
gravityexp.com/go.php?sid=12,bad
4.newenergydata.info/links/apply-grants_catch.php,bad
4.periziavela.com/links/dedicates_user.php,bad
4.pianetapollo.com/links/dedicates_user.php,bad
winlock.usa.cc/k8uiaii89819aj/get.php?f=7,bad
dev.wrathofshadows.net/255163377.htm,bad
img.coldstoragemn.com/links/demands-lower.php,bad
img.sspbaseball.org/links/demands-lower.php,bad
nikolamireasa.com/less/demands-probably.php,bad
analxxxclipsyjh.dnset.com/latest/amateur_dog_sex_01.avi.exe,bad
private.hotelcesenaticobooking.info/r/l/updating-bugs_keeping.php,bad
6.bbnface.com/string/obscure-logs-useful.php,bad
6.mamaswishes.com/string/obscure-logs-useful.php,bad
6.bbnfaces.net/string/obscure-logs-useful.php,bad
4.whereintoscana.com/string/obscure-logs-useful.php,bad
4.whereintrentinoaltoadige.com/string/obscure-logs-useful.php,bad
4.whereinpuglia.com/string/obscure-logs-useful.php,bad
4.whereinsicilia.com/string/obscure-logs-useful.php,bad
4.whereinliguria.com/string/obscure-logs-useful.php,bad
4.whereinsardegna.com/string/obscure-logs-useful.php,bad
4.whereinmolise.com/string/obscure-logs-useful.php,bad
4.whereinpiemonte.com/string/obscure-logs-useful.php,bad
4.whereinmilan.com/string/obscure-logs-useful.php,bad
4.whereinlazio.com/string/obscure-logs-useful.php,bad
4.whereinlombardy.com/string/obscure-logs-useful.php,bad
4.whereinitaly.com/string/obscure-logs-useful.php,bad
4.whereinsicily.com/string/obscure-logs-useful.php,bad
6.bbnsmsgateway.com/string/obscure-logs-useful.php,bad
port.bg/wfgv.html?php=receipt,bad
webordermanager.com,bad
videoflyover.com,bad
quinnwealth.com/main.php?page=5e0cdb0ca7f86ed0,bad
0uk.net/zaaqw/Pony.exe,bad
cwmgaming.com,bad
11.lamarianella.info/read/defined_regulations-frequently.php,bad
0uk.net/zaaqw/cs.exe,bad
penwithian.co.uk/hyperventilate/sporran.js,bad
ukonline.hc0.me/new.exe,bad
penwithian.co.uk/hyperventilate/sporran.js,bad
50efa6486f1ef.skydivesolutions.be/news/refusal/natural.cgi,bad
ukonline.hc0.me/Host.exe,bad
somethingnice.hc0.me/Miner/CPUMiner.files,bad
avirasecureserver.com/values/extreme-soonest.php,bad
directxex.com/uploads/965775728.crypt.exe,bad
directxex.com/uploads/813441197.ms.exe?dl=1813441197.ms.exe,bad
directxex.com/uploads/565785830.been.exe,bad
directxex.com/uploads/482862824.kmahard.exe,bad
directxex.com/uploads/472678730.2113899106.puttymanager.exe,bad
directxex.com/uploads/39164388.ms.exe?dl=1,bad
directxex.com/uploads/341043287.crypted.exe,bad
directxex.com/uploads/2056064399.ms.exe,bad
directxex.com/uploads/1870347935.http.exe,bad
directxex.com/uploads/1835173533.ms.exe?dl=11835173533.ms.exe,bad
offerent.com/tmp/5lro65.php?receipt_print=825_417011330,bad
slayerlife.com/nbh/sends/ftc.php,bad
directxex.com/uploads/1803412028.mintt.exe,bad
directxex.com/uploads/1491944748.whaat.exe,bad
directxex.com/uploads/1599687595.ms.exe?dl=11599687595.ms.exe,bad
mycleanpc.tk/download/,bad
bbs.bjchun.com/report.htm,bad
customsboysint.com/1/25/human-head-wireframe,bad
directxex.com/uploads/1271351103.ms.exe?dl=1,bad
directxex.com/uploads/1271351103.ms.exe,bad
daspar.net/components/.kkcpgr.php?action=ss00_323,bad
totszentmarton.hu/riding.htm,bad
freefblikes.phpnet.us,bad
directxex.com/uploads/1005443056.cryptedserver.exe,bad
yougube.com,bad
youtuhe.com,bad
ukonline.hc0.me/Host.exe,bad
youtibe.com,bad
ukonline.hc0.me/new.exe,bad
tdms.saglik.gov.tr/KDV_Guncel_Tevkifat_Oranlari.htm,bad
sunny99.cholerik.cz/plugins/3yvPRqFJ.php,bad
rooversadvocatuur.nl/rel.php,bad
malest.com,bad
dl01.faddmr.com/n/e176d94e-d9b7-11e2-a752-00259033c1da/Setup.exe?tid=102dccc4aa5799d2efb748b9dd0e4fFake,bad
dl01.faddmr.com/n/3.0.15.1/9041377/Setup.exe?tid=102dccc4aa5799d2efb748b9dd0e4f,bad
rebeccacella.com/wp-content/plugins/subscribe/,bad
lowes-pianos-and-organs.com/images/d521c2a038/?zAXbu4Wah12XtNHf0YTNwgTNwIjM0ATMzIDfvgzMwEmMjFjM1Q2LzV2Zh1Wav02bj5,bad
lcbcad.co.uk/4541b36fdd41b9610c2e870b21fc5022/q.php,bad
v.inigsplan.ru/lich/inc/v7675/?/,bad
mailboto.com/landing/themes/bluemarine/corso/index.htm,bad
guyscards.com/adobe/,bad
guyscards.com/adobe/update_flash_player.exe,bad
teameda.comcastbiz.net/expanding/index.html,bad
wc0x83ghk.homepage.t-online.de/communed/ameba.js,bad
instruminahui.edu.ec/201403/editor.html,bad
server1.extra-web.cz/dbm.exe,bad
nutnet.ir/dl/nnnew.txt,bad
eliehabib.com/topic/regard_alternate_sheet.php,bad
kipasdenim.com/images/wp-sts.php,bad
praxisww.com/wp-stc.php,bad
romvarimarton.hu/wp-stc.php,bad
saemark.is/wp-content/plugins/wp-sts.php,bad
vitamasaz.pl/wp-stc.php,bad
coloritpak.by/wp-stc.php,bad
fasadobygg.com/wp-stc.php,bad
hausnet.ru/wp-stc.php,bad
joomlalivechat.com/wp-stc.php,bad
litra.com.mk/wp-sts.php,bad
over50datingservices.com/wp-stc.php,bad
praxisww.com/wp-stc.php,bad
saemark.is/wp-content/plugins/wp-sts.php,bad
wyroki.eu/wp-stc.php,bad
manoske.com/main.php?label=TJaxqKIV0+wlz0MJN5SxypUhWaVDQDqE4PwfdxjPls0=,bad
mmile.com/images/rhcs05.exe,bad
highflyingfood.com/images/vids/adobe_flash.exe,bad
highflyingfood.com/images/vids/,bad
highflyingfood.com/images/vids/qp.php?out,bad
highflyingfood.com/images/vids/archives/porno1.zip,bad
highflyingfood.com/images/vids/archives/porno2.zip,bad
highflyingfood.com/images/vids/archives/porno3.zip,bad
highflyingfood.com/images/vids/archives/porno4.zip,bad
highflyingfood.com/images/vids/archives/porno5.zip,bad
highflyingfood.com/images/vids/archives/porno6.zip,bad
windspotter.net/?r=site/widget,bad
luggage-tv.com/adobe/update_flash_player.exe,bad
luggagepreview.com/adobe/update_flash_player.exe,bad
luggagecast.com/adobe/update_flash_player.exe,bad
kapcotool.com/adobe/update_flash_player.exe,bad
kapcotool.com/topic/able_disturb_planning.php,bad
luggage-tv.com//topic/able_disturb_planning.php,bad
luggagepreview.com//topic/able_disturb_planning.php,bad
by98.com/reincarnate/index.html,bad
ad.getfond.info,bad
dcanscapital.co.uk/panhandled/scientists.js,bad
japanesevehicles.us/vector/internees.js,bad
teameda.net/tipsier/stuttgart.js,bad
luggagecast.com/topic/able_disturb_planning.php,bad
mmile.com/images/bl.exe,bad
moviedownloader.net/d/GraboidMovieDownloader-3.54.exe,bad
bluecutsystem.com/load3.exe,bad
tube8vidsvrx.ddns.name/2013/girl-fucked-by-dog.avi.exe,bad
tube8vidsvtp.dnset.com/2013/girl-fucked-by-dog.avi.exe,bad
tube8vidswsy.dnset.com/2013/girl-fucked-by-dog.avi.exe,bad
tube8vidswtb.ddns.name/2013/girl-fucked-by-dog.avi.exe,bad
tube8vidswys.ddns.name/2013/girl-fucked-by-dog.avi.exe,bad
tube8vidsxlo.ddns.name/2013/girl-fucked-by-dog.avi.exe,bad
tube8vidsxmx.dnset.com/2013/girl-fucked-by-dog.avi.exe,bad
tube8vidsxpg.ddns.name/2013/girl-fucked-by-dog.avi.exe,bad
tube8vidsxpp.dnset.com/2013/girl-fucked-by-dog.avi.exe,bad
tube8vidsxwu.ddns.name/2013/girl-fucked-by-dog.avi.exe,bad
tube8vidsycs.dnset.com/2013/girl-fucked-by-dog.avi.exe,bad
tube8vidsyip.ddns.name/2013/girl-fucked-by-dog.avi.exe,bad
tube8vidsymz.dnset.com/2013/girl-fucked-by-dog.avi.exe,bad
tube8vidsyre.dnset.com/2013/girl-fucked-by-dog.avi.exe,bad
tube8vidsyyf.dnset.com/2013/girl-fucked-by-dog.avi.exe,bad
tube8vidszmi.ddns.name/2013/girl-fucked-by-dog.avi.exe,bad
tube8vidsznj.ddns.name/2013/girl-fucked-by-dog.avi.exe,bad
tube8vidsznx.ddns.name/2013/girl-fucked-by-dog.avi.exe,bad
tube8vidscqs.ddns.name/2013/girl-fucked-by-dog.avi.exe,bad
tube8vidscut.ddns.name/2013/girl-fucked-by-dog.avi.exe,bad
tube8vidsdob.dnset.com/2013/girl-fucked-by-dog.avi.exe,bad
tube8vidsdst.ddns.name/2013/girl-fucked-by-dog.avi.exe,bad
tube8vidsfgd.ddns.name/2013/girl-fucked-by-dog.avi.exe,bad
tube8vidshhr.ddns.name/2013/girl-fucked-by-dog.avi.exe,bad
tube8vidshkk.ddns.name/2013/girl-fucked-by-dog.avi.exe,bad
tube8vidshrw.dnset.com/2013/girl-fucked-by-dog.avi.exe,bad
tube8vidsiet.ddns.name/2013/girl-fucked-by-dog.avi.exe,bad
tube8vidsiww.ddns.name/2013/girl-fucked-by-dog.avi.exe,bad
tube8vidsjac.dnset.com/2013/girl-fucked-by-dog.avi.exe,bad
tube8vidsjan.ddns.name/2013/girl-fucked-by-dog.avi.exe,bad
tube8vidsjhn.ddns.name/2013/girl-fucked-by-dog.avi.exe,bad
tube8vidsjtq.ddns.name/2013/girl-fucked-by-dog.avi.exe,bad
tube8vidslmf.dnset.com/2013/girl-fucked-by-dog.avi.exe,bad
tube8vidslni.dnset.com/2013/girl-fucked-by-dog.avi.exe,bad
tube8vidslqk.ddns.name/2013/girl-fucked-by-dog.avi.exe,bad
tube8vidslrz.ddns.name/2013/girl-fucked-by-dog.avi.exe,bad
tube8vidsnlq.dnset.com/2013/girl-fucked-by-dog.avi.exe,bad
tube8vidsnrt.ddns.name/2013/girl-fucked-by-dog.avi.exe,bad
tube8vidsnvd.ddns.name/2013/girl-fucked-by-dog.avi.exe,bad
tube8vidsnyp.dnset.com/2013/girl-fucked-by-dog.avi.exe,bad
tube8vidsolh.ddns.name/2013/girl-fucked-by-dog.avi.exe,bad
tube8vidsotz.dnset.com/2013/girl-fucked-by-dog.avi.exe,bad
tube8vidsowd.dnset.com/2013/girl-fucked-by-dog.avi.exe,bad
tube8vidspeq.ddns.name/2013/girl-fucked-by-dog.avi.exe,bad
tube8vidsqof.ddns.name/2013/girl-fucked-by-dog.avi.exe,bad
tube8vidsrau.dnset.com/2013/girl-fucked-by-dog.avi.exe,bad
tube8vidsrdr.dnset.com/2013/girl-fucked-by-dog.avi.exe,bad
tube8vidsrhl.ddns.name/2013/girl-fucked-by-dog.avi.exe,bad
tube8vidsrom.dnset.com/2013/girl-fucked-by-dog.avi.exe,bad
tube8vidssan.dnset.com/2013/girl-fucked-by-dog.avi.exe,bad
tube8vidssjw.ddns.name/2013/girl-fucked-by-dog.avi.exe,bad
tube8vidssyg.dnset.com/2013/girl-fucked-by-dog.avi.exe,bad
tube8vidstrh.dnset.com/2013/girl-fucked-by-dog.avi.exe,bad
tube8vidstyp.ddns.name/2013/girl-fucked-by-dog.avi.exe,bad
tube8vidsuty.dnset.com/2013/girl-fucked-by-dog.avi.exe,bad
tube8vidsvaj.dnset.com/2013/girl-fucked-by-dog.avi.exe,bad
tube8vidsvcs.ddns.name/2013/girl-fucked-by-dog.avi.exe,bad
tube8vidsvmr.ddns.name/2013/girl-fucked-by-dog.avi.exe,bad
slimxxxtuberfe.dnset.com/2013/girl-fucked-by-dog.avi.exe,bad
slimxxxtuberjj.ddns.name/2013/girl-fucked-by-dog.avi.exe,bad
slimxxxtuberme.dnset.com/2013/girl-fucked-by-dog.avi.exe,bad
slimxxxtuberue.dnset.com/2013/girl-fucked-by-dog.avi.exe,bad
slimxxxtubesrs.dnset.com/2013/girl-fucked-by-dog.avi.exe,bad
slimxxxtubesrw.ddns.name/2013/girl-fucked-by-dog.avi.exe,bad
slimxxxtubesun.ddns.name/2013/girl-fucked-by-dog.avi.exe,bad
slimxxxtubetmf.ddns.name/2013/girl-fucked-by-dog.avi.exe,bad
slimxxxtubetmg.dnset.com/2013/girl-fucked-by-dog.avi.exe,bad
slimxxxtubetns.ddns.name/2013/girl-fucked-by-dog.avi.exe,bad
slimxxxtubetts.dnset.com/2013/girl-fucked-by-dog.avi.exe,bad
slimxxxtubeubp.dnset.com/2013/girl-fucked-by-dog.avi.exe,bad
slimxxxtubeujh.ddns.name/2013/girl-fucked-by-dog.avi.exe,bad
slimxxxtubeull.dnset.com/2013/girl-fucked-by-dog.avi.exe,bad
slimxxxtubeuvd.dnset.com/2013/girl-fucked-by-dog.avi.exe,bad
slimxxxtubevdn.ddns.name/2013/girl-fucked-by-dog.avi.exe,bad
slimxxxtubevih.dnset.com/2013/girl-fucked-by-dog.avi.exe,bad
slimxxxtubevjk.ddns.name/2013/girl-fucked-by-dog.avi.exe,bad
slimxxxtubewfl.ddns.name/2013/girl-fucked-by-dog.avi.exe,bad
slimxxxtubewiq.ddns.name/2013/girl-fucked-by-dog.avi.exe,bad
slimxxxtubewis.ddns.name/2013/girl-fucked-by-dog.avi.exe,bad
slimxxxtubewmt.dnset.com/2013/girl-fucked-by-dog.avi.exe,bad
slimxxxtubexei.ddns.name/2013/girl-fucked-by-dog.avi.exe,bad
slimxxxtubexiv.dnset.com/2013/girl-fucked-by-dog.avi.exe,bad
slimxxxtubexvq.ddns.name/2013/girl-fucked-by-dog.avi.exe,bad
slimxxxtubexwb.dnset.com/2013/girl-fucked-by-dog.avi.exe,bad
slimxxxtubexxq.dnset.com/2013/girl-fucked-by-dog.avi.exe,bad
slimxxxtubeyge.ddns.name/2013/girl-fucked-by-dog.avi.exe,bad
slimxxxtubeyhz.ddns.name/2013/girl-fucked-by-dog.avi.exe,bad
slimxxxtubeyza.ddns.name/2013/girl-fucked-by-dog.avi.exe,bad
tube8vidsbbr.dnset.com/2013/girl-fucked-by-dog.avi.exe,bad
tube8vidsbhy.dnset.com/2013/girl-fucked-by-dog.avi.exe,bad
tube8vidsbzx.dnset.com/2013/girl-fucked-by-dog.avi.exe,bad
tube8vidscjk.ddns.name/2013/girl-fucked-by-dog.avi.exe,bad
slimxxxtubehdn.dnset.com/2013/girl-fucked-by-dog.avi.exe,bad
slimxxxtubehli.dnset.com/2013/girl-fucked-by-dog.avi.exe,bad
slimxxxtubeidv.ddns.name/2013/girl-fucked-by-dog.avi.exe,bad
slimxxxtubeijc.dnset.com/2013/girl-fucked-by-dog.avi.exe,bad
slimxxxtubeiqb.dnset.com/2013/girl-fucked-by-dog.avi.exe,bad
slimxxxtubejie.dnset.com/2013/girl-fucked-by-dog.avi.exe,bad
slimxxxtubejlp.ddns.name/2013/girl-fucked-by-dog.avi.exe,bad
slimxxxtubejpe.ddns.name/2013/girl-fucked-by-dog.avi.exe,bad
slimxxxtubejvh.ddns.name/2013/girl-fucked-by-dog.avi.exe,bad
slimxxxtubejyk.ddns.name/2013/girl-fucked-by-dog.avi.exe,bad
slimxxxtubekad.ddns.name/2013/girl-fucked-by-dog.avi.exe,bad
slimxxxtubekgj.ddns.name/2013/girl-fucked-by-dog.avi.exe,bad
slimxxxtubekgv.ddns.name/2013/girl-fucked-by-dog.avi.exe,bad
slimxxxtubeklg.dnset.com/2013/girl-fucked-by-dog.avi.exe,bad
slimxxxtubekpn.ddns.name/2013/girl-fucked-by-dog.avi.exe,bad
slimxxxtubekrn.ddns.name/2013/girl-fucked-by-dog.avi.exe,bad
slimxxxtubelap.ddns.name/2013/girl-fucked-by-dog.avi.exe,bad
slimxxxtubelat.ddns.name/2013/girl-fucked-by-dog.avi.exe,bad
slimxxxtubelfr.ddns.name/2013/girl-fucked-by-dog.avi.exe,bad
slimxxxtubelzv.ddns.name/2013/girl-fucked-by-dog.avi.exe,bad
slimxxxtubemue.dnset.com/2013/girl-fucked-by-dog.avi.exe,bad
slimxxxtubeneg.ddns.name/2013/girl-fucked-by-dog.avi.exe,bad
slimxxxtubeneu.ddns.name/2013/girl-fucked-by-dog.avi.exe,bad
slimxxxtubengt.dnset.com/2013/girl-fucked-by-dog.avi.exe,bad
slimxxxtubenqp.ddns.name/2013/girl-fucked-by-dog.avi.exe,bad
slimxxxtubentf.dnset.com/2013/girl-fucked-by-dog.avi.exe,bad
slimxxxtubeocr.dnset.com/2013/girl-fucked-by-dog.avi.exe,bad
slimxxxtubeonf.dnset.com/2013/girl-fucked-by-dog.avi.exe,bad
slimxxxtubeopy.ddns.name/2013/girl-fucked-by-dog.avi.exe,bad
slimxxxtubeoxo.ddns.name/2013/girl-fucked-by-dog.avi.exe,bad
slimxxxtubeoxy.ddns.name/2013/girl-fucked-by-dog.avi.exe,bad
slimxxxtubeppj.dnset.com/2013/girl-fucked-by-dog.avi.exe,bad
slimxxxtubeqfo.ddns.name/2013/girl-fucked-by-dog.avi.exe,bad
slimxxxtubeqsh.ddns.name/2013/girl-fucked-by-dog.avi.exe,bad
slimxxxtubeqve.dnset.com/2013/girl-fucked-by-dog.avi.exe,bad
slimxxxtubeqwr.dnset.com/2013/girl-fucked-by-dog.avi.exe,bad
slimxxxtuberau.ddns.name/2013/girl-fucked-by-dog.avi.exe,bad
slimxxxtuberea.ddns.name/2013/girl-fucked-by-dog.avi.exe,bad
slimxxxtuberep.dnset.com/2013/girl-fucked-by-dog.avi.exe,bad
generalchemicalsupply.com/gLG.exe,bad
slimxxxtubeacn.dnset.com/2013/girl-fucked-by-dog.avi.exe,bad
slimxxxtubealn.ddns.name/2013/girl-fucked-by-dog.avi.exe,bad
slimxxxtubeanr.ddns.name/2013/girl-fucked-by-dog.avi.exe,bad
slimxxxtubeaxy.ddns.name/2013/girl-fucked-by-dog.avi.exe,bad
slimxxxtubeayv.ddns.name/2013/girl-fucked-by-dog.avi.exe,bad
slimxxxtubebej.dnset.com/2013/girl-fucked-by-dog.avi.exe,bad
slimxxxtubebgp.ddns.name/2013/girl-fucked-by-dog.avi.exe,bad
slimxxxtubebmq.dnset.com/2013/girl-fucked-by-dog.avi.exe,bad
slimxxxtubebnd.ddns.name/2013/girl-fucked-by-dog.avi.exe,bad
slimxxxtubecgl.ddns.name/2013/girl-fucked-by-dog.avi.exe,bad
slimxxxtubectk.dnset.com/2013/girl-fucked-by-dog.avi.exe,bad
slimxxxtubecty.ddns.name/2013/girl-fucked-by-dog.avi.exe,bad
slimxxxtubeczp.ddns.name/2013/girl-fucked-by-dog.avi.exe,bad
slimxxxtubedgv.dnset.com/2013/girl-fucked-by-dog.avi.exe,bad
slimxxxtubedjm.ddns.name/2013/girl-fucked-by-dog.avi.exe,bad
slimxxxtubedlb.ddns.name/2013/girl-fucked-by-dog.avi.exe,bad
slimxxxtubedvj.dnset.com/2013/girl-fucked-by-dog.avi.exe,bad
slimxxxtubedxc.ddns.name/2013/girl-fucked-by-dog.avi.exe,bad
slimxxxtubedya.ddns.name/2013/girl-fucked-by-dog.avi.exe,bad
slimxxxtubeejs.ddns.name/2013/girl-fucked-by-dog.avi.exe,bad
slimxxxtubeemz.dnset.com/2013/girl-fucked-by-dog.avi.exe,bad
slimxxxtubefdr.ddns.name/2013/girl-fucked-by-dog.avi.exe,bad
slimxxxtubefel.ddns.name/2013/girl-fucked-by-dog.avi.exe,bad
slimxxxtubeftb.dnset.com/2013/girl-fucked-by-dog.avi.exe,bad
slimxxxtubefzc.ddns.name/2013/girl-fucked-by-dog.avi.exe,bad
slimxxxtubehan.ddns.name/2013/girl-fucked-by-dog.avi.exe,bad
tube8vidszyj.ddns.name/2013/girl-fucked-by-dog.avi.exe,bad
cofeb13east.com/download.php?ln5/cA==,bad
morenews3.net/got.php?l=dWlkP_IxMjg4NDU1ODImaWQ9NDAxO_AmdGlkP_QwNDM3Ni,bad
gredinatib.org/got.php?l=dWlkPTgyODM3MTI1NiZpZD01MDIyNiZ0aWQ9Mjc2NDE4JnBjPW,bad
tecslide.com/js/down/Sbin1/MS0ftAdapter.exe,bad
slivki.com.ua/as/Ponynl.exe,bad
slivki.com.ua/as/smp.exe,bad
bizzibeans.net/wp-admin/zope/,bad
bizzibeans.net/wp-admin/zope/adobe_flash.exe,bad
two-of-us.at/images/4x.exe,bad
directxex.com/uploads/1835173533.ms.exe?dl=1,bad
directxex.com/uploads/1835173533.ms.exe,bad
two-of-us.at/images/2.exe,bad
kids-fashion.dk/browser.php?copy=9763&common-prop=0&edit=0,bad
directxex.com/uploads/1406101817.Server.exe,bad
two-of-us.at/images/youtube/d/flashplayer.exe,bad
directxex.com/uploads/1144786436.be.exe,bad
two-of-us.at/images/3.exe,bad
directxex.com/uploads/1010343014.server12345.exe,bad
two-of-us.at/images/777.exe,bad
downloads-whatsapp.com,bad
downloads-whatsapp.com/whatsapp-for-nokia.php,bad
two-of-us.at/images/au.exe,bad
two-of-us.at/images/youtube/d/flashplayer.html,bad
directxex.com/uploads/1021119574.C-Chrome.exe,bad
directxex.com/uploads/1010343014.server12345.exe,bad
doktester.orgfree.com/styles/jrtXnMPq.php?html=27,bad
blueimagen.com/Attachment/Invoice-List2013-10-20-Copy.jar,bad
silurian.cn/modules/mod_cmsfix/fix.php,bad
mylondon.hc0.me/Panel/,bad
lostartofbeingadame.com/wp-content/plugins/www.fotosupload.php,bad
bride1.com/File/www.fotosupload.com/fotosuploadcominfidelidadfotos2dediciembreparaquenoquedendudasc.zip,bad
somethingnice.hc0.me/login.php,bad
somethingnice.hc0.me/Miner/YACMiner.files,bad
europol.europe.eu.id214218540-7444056787.h5841.com/?flow_id=2000&870470=33440/case_id=17188,bad
europol.europe.eu.france.id647744160-2176514326.h5841.com/?flow_id=8615&511004=52895/case_id=27223,bad
z7752.com/checkout.php?step=1,bad
mobatory.com/8jxjj7ifv3055xytz5ih3o130iar6rf9,bad
trahic.ru/5ebydvkrgw04am7wjly,bad
trahic.ru/6h3m0gs9sgb81g8h0hdefhh9a?zhkk4a8gv=1,bad
trahic.ru/5mm3i7t83m2t8dlja,bad
trahic.ru/6h3m0gs9sgb8vxr70voqj1fa6?,bad
mobatory.com/5bj0eswiecc78rvp3egufo5xossn1segz4653xhs4?37o78=46se8http%2F%3F%3Ftrahic.ru%3F6h3m0gs9sgb8vxr70voqj1fa6?&j68ljm=&6b42bbis=t85660263&pqsubf2hr=1,bad
vroll.net,bad
mobatory.com/70i1sxn6q8s86lqb6tfkgdehq,bad
mobatory.com/7jwgzo2ub186py0imhspqlfoe,bad
mobatory.com/5uxfljc5z4s6eacz305ic45h25hq3srib5tc1b51g?j8c=49ljg&pjz9ci=rapid8.com/&3kgiokr8=t3619158&80ipnpaegcqj19=rapid8.com/stage2.php&4kf7k=0&31n33=0&3ea6o=0&3cvlt=0&wr71g34ni=1&127ehq780r=0&6s89o644imz=0&78ob3sh84zkh1z=1&6iu2mhp1=0&rpo5za53h=1024&yq84eazbm=768&8v0luzzkqq3=0&6s5iunzsdhm2mj30=1,bad
mobatory.com/5uxfljc5z4s6eacz305ic45h25hq3srib5tc1b51g?j8c=49ljg&pjz9ci=rapid8.com/&3kgiokr8=t3619158&80ipnpaegcqj19=rapid8.com/stage2.php&4kf7k=0&31n33=0&3ea6o=0&3cvlt=0&wr71g34ni=1&127ehq780r=0&6s89o644imz=0&78ob3sh84zkh1z=1&6iu2mhp1=0&rpo5za53h=1024&yq84eazbm=768&8v0luzzkqq3=0&7uyedgxpbuv6y8kxg34cuxdmz=99780&98uca7ro8qv6eu5qpnguteh6r=,bad
amu.brandnewinstall.info/yaelmendel/gadget/,bad
amu.helpyourselfinstall.info/iframe/?d=1271,bad
amu.twobox4addon.info/rachel/,bad
amu.helpyourselfinstall.info/iframe/?d=1118,bad
amu.adduraddonhere.info/lpgreenseal/,bad
amu.boxinstallercompany.info/iframe/?d=746,bad
directxex.com/uploads/1201296916.8h.exe,bad
directxex.com/uploads/1251104917.p9g.exe,bad
directxex.com/uploads/1353613345.ih.exe,bad
directxex.com/uploads/143265795.ohi.exe,bad
directxex.com/uploads/1565397800.9g.exe,bad
directxex.com/uploads/158511922.uf.exe,bad
directxex.com/uploads/1607796965.id100.exe,bad
directxex.com/uploads/1836606807.9g.exe,bad
directxex.com/uploads/1853928844.97g.exe,bad
directxex.com/uploads/1991519040.aeg.exe,bad
directxex.com/uploads/223478294.insid-start-sjw.exe,bad
directxex.com/uploads/232683212.igi.exe,bad
directxex.com/uploads/31401351.final5.exe,bad
directxex.com/uploads/384011806.gotter.exe,bad
directxex.com/uploads/414294618.009.exe,bad
directxex.com/uploads/609015994.mining.exe,bad
directxex.com/uploads/620509324.MINIMON.exe,bad
directxex.com/uploads/623307317.inst.exe,bad
directxex.com/uploads/636954784.ok.exe,bad
directxex.com/uploads/662268336.BIN.exe,bad
directxex.com/uploads/687255529.delfi.exe,bad
directxex.com/uploads/744646896.rbsrb.exe,bad
directxex.com/uploads/777724411.safetyCheck.exe,bad
directxex.com/uploads/818611823.insidrazor.exe,bad
directxex.com/uploads/836587333.skp.exe,bad
directxex.com/uploads/845426478.xa.exe,bad
directxex.com/uploads/90200102.neusteBotLoader.exe,bad
directxex.com/uploads/995578741.miner.exe,bad
directxex.com/uploads/1744698061.miner.txt,bad
directxex.com/uploads/281742754.abbba.exe,bad
directxex.com/uploads/566077266.ms.exe,bad
directxex.com/uploads/1347878398.miner2.exe,bad
directxex.com/uploads/1565998043.test.exe,bad
directxex.com/uploads/2111586998.onoj.exe,bad
directxex.com/uploads/566077266.ms.exe?dl=1,bad
down2.feiyang163.com/soft/wavtomp3.exe,bad
down3.feiyang163.com/soft/fcssq.exe,bad
d1.kuai8.com/setup/kuai8_zjy.exe,bad
down.unadnet.com.cn/soft/2Dmofang.exe,bad
down.unadnet.com.cn/soft/loveletter.exe,bad
ddd.gouwuke.cn/down/exejmman.exe,bad
down.feiyang163.com/soft/alexacha.exe,bad
down.feiyang163.com/soft/usblock.exe,bad
down.feiyang163.com/soft/wbjfsys.exe,bad
down.guangsu.cn/qdn/setup_qd262.exe,bad
down.guangsu.cn/qdn/setup_qd304.exe,bad
sj88.com/hezi/jm/s1000.exe,bad
k.h.a.d.free.fr/pub/utils/oepv.exe,bad
download.grandcloud.cn/9291/15474/setup_2949-14598.exe,bad
download.grandcloud.cn/9291/16411/80347_al.exe,bad
download.grandcloud.cn/9291/17147/cool_ES_PC35152730.exe,bad
feiyang163.com/soft/fySpeaker.exe,bad
thefxarchive.com/Downloads/WLMM/MMK_Warp_Variations.exe,bad
formessengers.com/download.php?PN=MLP,bad
dl.microsword.net/softdown/filerubber.exe,bad
dl.microsword.net/Softdown/VideoRecord.exe,bad
download.56.com/lp/client/update.lua,bad
download.56.com/lp/client/woxiu1.0.15_20119070.exe,bad
download.ttrili.com:98/Setup%5B57%5D-rl.exe,bad
download.ttrili.com:98/Setup%5B75%5D-rl.exe,bad
download.ttrili.com:98/setup%5B79%5D-rl.exe,bad
download.ttrili.com:98/Setup[11]-rl.exe,bad
f.gj555.net/download/setups30035.exe,bad
f.gj555.net/download/setups30138.exe,bad
f.gj555.net/download/setups34338.exe,bad
f.gj555.net/download/setups75613.exe,bad
f.gj555.net/download/setups83563.exe,bad
f.gj555.net/download/setups91646.exe,bad
f.gj555.net/download/setups95191.exe,bad
files.dsnetwb.com/aTube_Catcher_5188_ATU3.exe,bad
zctei.com/date/9377chiyue_Y_Cdcr1124.exe,bad
somethingnice.hc0.me/Miner/Ufasoft.files,bad
t-gas.co.uk/1.txt,bad
zatzy.com/allmaent/391854-volvos-nya-drive-e.html,bad
aippnetworks.com/plugins/authentication/joomla/aviancataca/aviancatacafreeticket.php,bad
dl.downf468.com/n/3.0.25/2629037/manual-de-configuración-del-putty.exe,bad
dl.downf468.com/n/3.0.26.2/11975718/ultrasurf+13.03.exe,bad
dl.downf468.com/n/3.0.25/11999301/Silver+TV+3.0.exe,bad
dl.downf468.com/n/3.0.25/7412352/BTV+Solo.exe,bad
dl.downf468.com/n/3.0.26/11433792/Automation+Studio+6.0.exe,bad
dl.downf468.com/n/3.0.26/11649331/Super+Mario+Sunshine+64+1.0.exe,bad
dl.downf468.com/n/3.0.26/12050993/Free+RAR+Extract+Frog.exe,bad
dl.downf468.com/n/3.0.24.1/12015256/Windows+Product+Key+Code+Finder+2.20.exe,bad
dl.downf468.com/n/3.0.24.1/12015430/NT+Key+Enterprise+Edition+3.80.exe,bad
dl.downf468.com/n/3.0.25/12023961/Microsoft+Hesap+Makinesi++.exe,bad
dl.downf468.com/n/3.0.25/4789416/LogiEscalierExpert.exe,bad
dl.downf468.com/n/3.0.26.1/11630753/iniciación-a-la-soldadura-con-estaño.exe,bad
dl.downf468.com/n/3.0.26.1/11812852/n5239.exe,bad
dl.downf468.com/n/3.0.26.1/11358561/notepad+++.exe,bad
dl.downf468.com/n/3.0.26.1/11707102/psx0139.exe,bad
dl.downf468.com/n/3.0.26.1/11707353/psx0046.exe,bad
dl.downf468.com/n/3.0.26.3/1033/poweriso.exe,bad
dl.downf468.com/n/3.0.26.3/11431055/dragon+naturally+speaking+9.0.exe,bad
dl.downf468.com/n/3.0.26.3/11431361/who+anthro+3.2.2.1.exe,bad
dl.downf468.com/n/3.0.26.3/2269383/roadnav.exe,bad
dl.downf468.com/n/3.0.26.3/2836178/gambas+a+la+egipcia.exe,bad
dl.downf468.com/n/3.0.26.3/5345299/vietkey.exe,bad
dl.downf468.com/n/3.0.26.3/5349388/adfender.exe,bad
dl.downf468.com/n/3.0.26.3/5366358/mediaget.exe,bad
dl.downf468.com/n/3.0.26.3/5366255/flv_media_player.exe,bad
dl.downf468.com/n/3.0.26.3/5830397/matlab.exe,bad
dl.downf468.com/n/3.0.26.3/6445693/calibre.exe,bad
dl.downf468.com/n/3.0.26.3/6773557/odin3.exe,bad
dl.downf468.com/n/3.0.26/11433792/AutomationStudio6.0.exe,bad
dl.downf468.com/n/3.0.26/11649331/SuperMarioSunshine641.0.exe,bad
dl.downf468.com/n/3.0.26/12050993/FreeRARExtractFrog.exe,bad
dl.downf468.com/n/3.0.25/7412352/BTVSolo.exe,bad
dl.downf468.com/n/3.0.24.1/4790826/Handball+Challenge.exe,bad
dl.downf468.com/n/3.0.26.3/4812448/pointage+d%E2%80%99heures.exe,bad
dl.downf468.com/n/3.0.26.3/5347935/wondershare+pdf+to+word.exe,bad
dl.downf468.com/n/3.0.25/11999301/SilverTV3.0.exe,bad
dl.downf468.com/n/3.0.24.1/12015256/WindowsProductKeyCodeFinder2.20.exe,bad
dl.downf468.com/n/3.0.24.1/12015430/NTKeyEnterpriseEdition3.80.exe,bad
dl.downf468.com/n/3.0.26.2/5331438/FLV_Media_Player.exe=0D=0Ahttp:/grandinstalls.ru/RlpaXhQBAUhBXE1LXQBMW1cDSEdCSwBcWwFJS1pxVkNCEUhHQktxR0oT/torrent/147458862/498349280/torrent.exe=,bad
dl.downf468.com/n/3.0.26.2/12014376/Setup.exe=0D=0Ahttp:/dl.softpzivrubajjui.net/n/3.0.26.2/5565169/FLVMPlayer.exe=,bad
dl.downf468.com/n/3.0.26.2/5738856/FLV_Media_Player.exe=0D=0Ahttp:/dl.softpzivrubajjui.net/n/3.0.26.2/10064255/HitmanPro.exe=,bad
dl.downf468.com/n/3.0.26.2/5738856/FLV_Media_Player.exe=0D=0Ahttp:/dl.softpzivrubajjui.net/n/3.0.26.2/11799286/Opera.exe=,bad
dl.downf468.com/n/3.0.26.2/5785797/FLV_Media_Player.exe=0D=0Ahttp:/dl.softohqimjjedf0jq.net/n/3.0.26.2/5784498/FLV_Media_Player.exe=,bad
dl.downf468.com/n/3.0.26.2/5785797/FLV_Media_Player.exe=0D=0Ahttp:/dl.softohqimjjedf0jq.net/n/3.0.26.2/11359629/Stream_Movies_Online.exe=,bad
dl.downf468.com/n/3.0.26.2/6068293/winrarfree.exe=0D=0Ahttp:/dl.softpzivrubajjui.net/n/3.0.26.2/11717749/Winzip.exe=,bad
dl.downf468.com/n/3.0.26/11797512/FLV_Media_Player.exe=0D=0Ahttp:/redtubes.ru/FgoKDkRRURgRDB0bDVAcCwdTGBcSG1AMC1EZGwohBhMSQRgXEhshFxpD/audio/127974014/481402808/toca_toca_radio_edit.exe=,bad
dl.downf468.com/n/3.0.26.2/4924888/100-villancicos.exe,bad
dl.downf468.com/n/3.0.26.1/12023961/microsofthesapmakinesi.exe,bad
dl.downf468.com/n/3.0.26.2/4800574/sculptris.exe,bad
dl.downf468.com/n/3.0.26/5436359/FLV_Media_Player.exe=0D=0Ahttp:/dl01.fabdmr.com/n/3.0.26/6498621/FLV_Media_Player.exe=,bad
dl.downf468.com/n/3.0.26/187807/Utorrent.exe=0D=0Ahttp:/dl01.facdmr.com/n/3.0.26/4993202/Mediaget.exe=,bad
dl.downf468.com/n/3.0.26/2105371/AVS_Media_Player.exe=0D=0Ahttp:/dl01.faadmr.com/n/3.0.26/11822316/FLV_Media_Player.exe=,bad
dl.downf468.com/n/3.0.26/2094912/AVS_Media_Player.exe=0D=0Ahttp:/installsupdater.info/syshost.exe=,bad
dl.downf468.com/n/3.0.26/5738856/FLV_Media_Player.exe=0D=0Ahttp:/dl.softohqimjjedf0jq.net/n/3.0.26/3484691/SimTractor.exe=,bad
dl.downf468.com/n/3.0.26/2632028/AVS_Media_Player.exe=0D=0Ahttp:/download.multiinstall.com.br/a75e4b51a7dfadaa4b8a88436b76af41/Quadro_1600x1200.exe=,bad
dl.downf468.com/n/3.0.26/2105407/AVS_Media_Player.exe=0D=0Ahttp:/dl.softohqimjjedf0jq.net/n/3.0.26/4351718/Vlc_Media_Player.exe=,bad
dl.downf468.com/n/3.0.26.2/11813765/n0140.exe,bad
dl.downf468.com/n/3.0.26/2105407/AVS_Media_Player.exe=0D=0Ahttp:/tube-city.ru/1MjIzIaTk8/J0c/J0tvPzNnfyM6SzsmT29nI49jTy9LQ093Y48TR0OOPg9XYgQ=3D=3D/torrent/5387708/159507868/download.exe=,bad
dl.downf468.com/n/3.0.26/4351718/Vlc_Media_Player.exe=0D=0Ahttp:/dl.softohqimjjedf0jq.net/n/3.0.26/6708421/Ares.exe=,bad
dl.downf468.com/n/3.0.26/6068293/winrarfree.exe=0D=0Ahttp:/dl01.fabdmr.com/n/3.0.26/5034600/J_DOWNLOADER.exe=,bad
dl.downf468.com/n/3.0.26.2/11810098/n2018.exe,bad
dl.downf468.com/n/3.0.26.1/2629037/manual-de-configuraci&;amp;oacute;n-del-putty.exe,bad
dl.downf468.com/n/3.0.26.2/11853911/Adobe_PDF_Reader.exe=0D=0Ahttp:/dl.softpzivrubajjui.net/n/3.0.26.2/5565169/FLVMPlayer.exe=,bad
dl.downf468.com/n/3.0.26.2/11975718/ultrasurf13.03.exe,bad
dl.downf468.com/n/3.0.26.2/4866666/macromedia-freehand.exe,bad
dl.downf468.com/n/3.0.26.2/6690540/minecraft1.5.2.exe,bad
dl.downf468.com/n/3.0.26.2/5983928/app.exe,bad
dl.downf468.com/n/3.0.26/11930758/File_installer.exe=0D=0Ahttp:/dl.downe468.com/n/3.0.26/11928104/Ares.exe=,bad
dl.downf468.com/n/3.0.26.2/4889139/the-hunter.exe,bad
dl.downf468.com/n/3.0.26/11930758/File_installer.exe=0D=0Ahttp:/dl.downf468.com/n/3.0.26/11893495/Update_Code_Generator.exe=,bad
dl.downf468.com/n/3.0.26.2/5570947/mipony.exe,bad
dl.downf468.com/n/3.0.26/11930758/File_installer.exe=0D=0Ahttp:/dl.softohqimjjedf0jq.net/n/3.0.26/12091048/Skype.exe=,bad
dl.downf468.com/n/3.0.26/11930758/File_installer.exe=0D=0Ahttp:/dl01.fabdmr.com/n/3.0.26/187807/Utorrent.exe=,bad
dl.downf468.com/n/3.0.26/11930758/File_installer.exe=0D=0Ahttp:/dl.downf468.com/n/3.0.26/7088851/FLV_Media_Player.exe=,bad
dl.downf468.com/n/3.0.25/11810424/n5250.exeo:=,bad
dl.downf468.com/n/3.0.26.3/11706753/d0005.exe=,bad
dl.downf468.com/n/11810692/n5062.exeo:p/o:p=,bad
dl.downf468.com/n/3.0.25/11706811/psx0109.exe=,bad
dl.downf468.com/n/3.0.25/11784924/p1232.exeo:=,bad
dl.downf468.com/n/3.0.25/11560994/d3dx9_31.exe=,bad
dl.downf468.com/n/3.0.26.1/3285684/lógica-y-teoría-de-conjuntos.exe,bad
dl.downf468.com/n/3.0.26.3/4789537/setup.exe,bad
dl.downf468.com/n/3.0.26.3/8311230/avast.exe,bad
dl.downf468.com/n/3.0.26.3/4812448/pointagedheures.exe,bad
dl.downf468.com/n/3.0.26.3/5347935/wondersharepdftoword.exe,bad
dl.downf468.com/n/3.0.24.1/4790826/HandballChallenge.exe,bad
dl.downf468.com/n/3.0.26.3/11439286/msvcr100.exe,bad
dl.downf468.com/n/3.0.26.3/3708/teamviewer.exe,bad
dl.downf468.com/n/3.0.26.3/11442660/d3dx9_43.exe,bad
dl.downf468.com/n/3.0.26.1/6156061/Â¿dÃ³nde-estÃ¡-carmen-sandiego?.exe,bad
dl.downf468.com/n/3.0.26.3/11812198/n4250.exe,bad
dl.downf468.com/n/3.0.26.3/11811219/n4911.exe,bad
dl.downf468.com/n/3.0.26.3/11970252/skype.exe,bad
dl.downf468.com/n/3.0.26.3/6654650/alzip.exe,bad
dl.downf468.com/n/3.0.26.3/2836178/gambasalaegipcia.exe,bad
dl.downf468.com/n/3.0.26.3/11809923/n5574.exe,bad
dl.downf468.com/n/3.0.26.3/11707321/psx0026.exe,bad
dl.downf468.com/n/3.0.26.3/11706755/d0004.exe,bad
valouweeigenaren.nl/customers/billing/df367548-18.zip,bad
valouweeigenaren.nl/customers/cases/acc56-81-93.zip,bad
directxex.com/uploads/815597715.bot.exe Trojan.Agent,bad
news4cars.com/misc/uip/adobe_flash.exe Trojan.Agent,bad
rocksresort.com.au/image/pdf.exe Trojan.Zbot,bad
updo.nl/file/b24d1856.exe Trojan.Injector,bad
directxex.com/uploads/1395655996.ss.exe Win32/AutoRun.IRCBot.JD,bad
directxex.com/uploads/144543902.rundll32.exe Trojan,bad
directxex.com/uploads/1552287385.igfxtray.exe Win32/CoinMiner.IS,bad
directxex.com/uploads/1576253022.miner.txt Win32/CoinMiner.IS,bad
directxex.com/uploads/2074531303.BIN.exe Win32/Napolar.A,bad
directxex.com/uploads/815597715.bot.exe Win32/Spy.Zbot.AAQ,bad
directxex.com/uploads/84937512.And.exe Win32/Injector.AUJQ,bad
directxex.com/uploads/939195944.newmine.exe MSIL/CoinMiner.AY,bad
ttb.tbddlw.com/download/request/51a9b7865f1c1eb81f000001/CtlLI2Yz?PubID=3457_2776&ClickID=3247011638 PUP.FakeJava,bad
yumekin.com/inde.php,bad
yumekin.com/inde.php?comercial@cohesp.com.br,bad
keyways.pt/~keyways/1.html,bad
lccl.org.uk/1.html,bad
nt-associates.com/1.html,bad
ads.wikipartes.com/all/test.php,bad
nestorconsulting.net/1.html,bad
portraitphotographygroup.com/~lorijill/1.html,bad
d1054130-28095.cp.blacknight.com/1.html,bad
mylabsrl.com/1.html,bad
tavuks.com/_vti_bin/1und1.php/,bad
ozzysixsixsix.web.fc2.com/1.html,bad
alisat.biz/1.html,bad
109-204-26-16.netconnexion.managedbroadband.co.uk/1.html,bad
nothingcompares.co.uk/1.html,bad
ip-182-50-129-164.ip.secureserver.net/1.html,bad
cluster013.ovh.net/~bgfiban/1.html,bad
users173.lolipop.jp/~lolipop.jp-204f9d446b7f9eb/1.html,bad
alexandria90.etcserver.com/~psychica/1.html,bad
nortonfire.co.uk/1.html,bad
hrdcvn.com.vn/1.html,bad
finnhair.co.uk/1.html,bad
advancetec.co.uk/1.html,bad
tamilcm.com/1.html,bad
noobgirls.com/pussy.php,bad
noobgirls.com/pussy.exe,bad
landisbaptist.com/1.html,bad
3peaks.co.jp/1.html,bad
corroshield.estb.com.sg/1.html,bad
d1171912.cp.blacknight.com/1.html,bad
phitenmy.com/1.html,bad
marchen-toy.co.jp/1.html,bad
salon77.co.uk/1.html,bad
divine.lunarbreeze.com/~xenoa3/1.html,bad
kadman.net/1.html,bad
sysconcalibration.com/1.html,bad
ip-182-50-129-181.ip.secureserver.net/~venkat/1.html,bad
treventuresonline.com/1.html,bad
plantes-sauvages.fr/fiche_lierre_terrestre.htm,bad
miracema.rj.gov.br/counter.php,bad
bedoc.fr/js/ypSlideOutMenusC.js,bad
cordonnerie-fb.fr/,bad
kylie-walters.com/wp-content/plugins/1und1.php,bad
exelio.be/references,bad
bio-air-technologies.com/photos-videos/Kenzen2/,bad
plantes-sauvages.fr/stage_reliance.htm,bad
rallye-de-fourmies.com/get_photo.php,bad
gulsproductions.com/css/bank-of-america-credit-card-payment-mailing-address,bad
gulsproductions.com/css/baixar-jogos-de-futebol-gratis-no-baixaki,bad
gulsproductions.com/css/baixar-mozilla-firefox-portugues-brasil,bad
gulsproductions.com/css/baixar-supernatural-6-temporada-dublado-orkoogle,bad
gulsproductions.com/css/baixar-winrar-x64-baixaki,bad
gulsproductions.com/css/baja-roof-racks-in-stock-perth,bad
gulsproductions.com/css/baked-mozzarella-sticks-recipe-pinterest,bad
gulsproductions.com/css/baked-seafood-pasta-alfredo-recipe,bad
gulsproductions.com/css/bakers-shoes-closing-atlanta,bad
gulsproductions.com/css/baladas-em-balneario-camboriu-hoje,bad
gulsproductions.com/css/balaji-temple-nj-calendar-2012,bad
gulsproductions.com/css/ballet-music-free-mp3,bad
gulsproductions.com/css/ballistic-calculator-app-ipad,bad
gulsproductions.com/css/balmoral-hat-green,bad
gulsproductions.com/css/baltimore-orioles-hats-over-the-years,bad
01453.com/,good
015fb31.netsolhost.com/bosstweed.html,good
02bee66.netsolhost.com/lincolnhomepage/,good
02ec0a3.netsolhost.com/getperson.php?personID=I4920&tree=ncshawfamily,good
032255.com/,good
05minute.com/,good
07090.blogspot.com/2011/07/westfield-police-officers-vote-no.html,good
08nrc.blogspot.com/,good
0creditcard.biz/,good
0dayreggaedancehall.blogspot.com/,good
0lo5ckgm.gozisanatuza.ru/?n=89425&amp;tid=47936,good
1-kansas.com/,good
1-newjersey.com/,good
1-ohio.com/,good
1-private-detective.tripod.com/oldlook.up.html,good
10000boomer.com/,good
10000daysatributetotool.bandzoogle.com/fr_home.cfm,good
10000daysinalaska.com/,good
1000mwlaserpointer.blogspot.com/,good
1001.yippie.biz/ca/cypress/,good
10012.kaluxo.remax-quebec.com/?A9FF0BCB-9683-41D6-955A-F1D9106257E4&lang=EN,good
1001afilmodyssey.blogspot.com/2010/04/wizard-of-oz-1939.html,good
1001laurel.com/,good
100777.com/node/373,good
100hot.com/hot100/ws/results/Web/92!FE5%20Montreal/1/302363/RightNav/Relevance/iq=true/zoom=off/qlnk=1/_iceUrlFlag=7?_IceUrl=true,good
100hot.com/hot100/ws/results/Web/Commission%20Scolaire%20Marguerite%20Bourgeois/1/302362/RightNav/Relevance/iq=true/zoom=off/qlnk=1/_iceUrlFlag=7?_IceUrl=true,good
100hot.com/hot100/ws/results/Web/Meteomedia%20Sherbrooke/1/0/0/Relevance/zoom=off/qi=1/qk=10/bepersistence=true/_iceUrlFlag=7?_IceUrl=true,good
100hot.com/hot100/ws/results/Web/Wes%20Scantlin/1/302363/RightNav/Relevance/iq=true/zoom=off/qlnk=1/_iceUrlFlag=7?_IceUrl=true,good
100kjobfinder.jobamatic.com/a/jobs/find-jobs/q-Kansas+City+Southern+Railway,good
100percentfrenchmadeincanada.blogspot.com/,good
100percentfrenchmadeincanada.blogspot.com/2005/02/first-entry.html,good
100percentfrenchmadeincanada.blogspot.com/2005_04_01_archive.html,good
100percentfrenchmadeincanada.blogspot.com/2006/12/4-updatenames.html,good
100percentfrenchmadeincanada.blogspot.com/2006_12_01_archive.html,good
100percentgay.blogspot.com/2010/09/aj-and-gerin-raw-at-chaosmen.html,good
100percentgay.blogspot.com/2011/01/alexandro-creampies-gerin-at-chaosmen.html,good
100percentgay.net/?s=eric+pryor,good
100percentgay.net/?s=kevin+warhol,good
100percentgay.net/?s=marcus+mojo,good
100percentgay.net/?s=trevor+yates,good
100scopenotes.com/2010/02/23/review-meanwhile-by-jason-shiga/,good
100tetesrecords.blogspot.com/,good
101olympians.blogspot.com/,good
101olympians.blogspot.com/2008/07/bob-beamon-event-destroyer.html,good
103kkcn.com/,good
1041.yippie.biz/ca/los_angeles/,good
104311.foodpages.ca/,good
1043now.com/,good
1043nowfm.com/,good
10704.kaluxo.remax-quebec.com/?00569118-5AAE-48AA-BF94-ADF2D084F50B&lang=EN,good
1077.yippie.biz/sc/chesnee/,good
10dollarleads.com/,good
10electronica.blogspot.com/,good
10kbullets.com/reviews/b/berdella/,good
10kbullets.com/reviews/b/brotherhood-of-the-wolf/,good
10kdays.com/,good
10kswim.blogspot.com/,good
10paisa.com/,good
10questions.time.com/2010/03/11/ask-robert-groves/,good
10starmovies.com/Watch-Movies-Online/Agnes_Browne_1999/,good
10starmovies.com/Watch-Movies-Online/Gojira_Fainaru_Uzu_2004/,good
10starmovies.com/Watch-Movies-Online/Inside_Im_Dancing_2004/,good
10starmovies.com/Watch-Movies-Online/Jackie_Bouvier_Kennedy_Onassis_2000/,good
10starmovies.com/Watch-Movies-Online/One_Night_At_McCools_2001/,good
10starmovies.com/Watch-Movies-Online/Stark_Raving_Black_2009/,good
10starmovies.com/Watch-Movies-Online/The_Boat_That_Rocked_2009/,good
10starmovies.com/Watch-Movies-Online/The_Circle_2002/,good
10starmovies.com/Watch-Movies-Online/The_Kid_Stays_In_The_Picture_2002/,good
10starmovies.com/profiles/Aleksey_Kravchenko_315203/,good
10starmovies.com/profiles/Dawn_Olivieri_8123/,good
10starmovies.com/profiles/Holmes_Osborne_165471/,good
10starmovies.com/profiles/James_Remar_6363/,good
10starmovies.com/profiles/James_Stewart_48391/,good
10starmovies.com/profiles/Jean-claude_Van_Damme_74489/,good
10starmovies.com/profiles/Marla_Pennington_36936/,good
10starmovies.com/profiles/Patrick_Mctavish_82393/,good
10starmovies.com/profiles/Peter_Benson_98030/,good
10starmovies.com/profiles/Rodney_Eastman_154038/,good
10starmovies.com/profiles/Sean_Mcnamara_34456/,good
10starmovies.com/profiles/Seychelle_Gabriel_130060/,good
112fm.com/,good
1146miles.com/music/code-pie-baby-justin-bieber-cover/,good
1149benson.info/,good
1149quakerchurch.2cmyhome.com/,good
1169.yippie.biz/ca/los_angeles/,good
11d.typepad.com/blog/2006/03/rich_parent_poo.html,good
1200lakeshore.com/,good
123-max.com/,good
123bomb.com/watch-xieJZJqzr_k/sexo-amor-bellakera-no-es-lo-mismo.html,good
123indigo-casinos.blogspot.com/,good
123klan.bigcartel.com/,good
123movies.info/movie/%c3%83%c5%93%c3%83%c2%a7_yaman_bakire_(1975)_1581424,good
123movies.info/movie/%c3%96yle_bir_kadin_ki_(1979)_1581191,good
123movies.info/movie/4_Clowns_(1970)_936067,good
123movies.info/movie/La_donna_della_mia_vita_(2010)_1227572,good
123movies.info/movie/La_petite_Aurore_lenfant_martyre_(1952)_1232456,good
123movies.info/movie/Les_exploits_dun_jeune_Don_Juan_(1987)_1249457,good
123movies.info/movie/Nine_Deaths_of_the_Ninja_(1985)_1312835,good
123movies.info/movie/Senza_pelle_(1994)_1398665,good
123movies.info/movie/Terror_Among_Us_(1981)_(TV)_1446293,good
123movies.info/movie/The_Cavemans_Valentine_(2001)_1457621,good
123movies.info/movie/The_Kid_Stays_in_the_Picture_(2002)_1477355,good
123movies.info/movie/Zad_kadar_(2010)_1574729,good
123movies.info/pictures/Sigmund_and_the_Sea_Monsters,good
123pornvideos.org/aoi/,good
123relocation.com/Maine/,good
123tamilgallery.com/kangna-ranaut/,good
124.105.24.19/,good
125.douglas.qc.ca/en/destigmatiser-sante-mentale.php,good
125.douglas.qc.ca/en/historique-informatique.php?section=service,good
12602id3.planetsourcefun.com/like/12602/?ref=r,good
12gfl.blogspot.com/2008/12/2005-ion-dissonance-solace.html,good
12oclocknews.com/,good
12or20questions.blogspot.com/2007/09/12-or-20-questions-with-joshua-marie.html,good
12starz.com/,good
1304.yippie.biz/mo/kansas_city/,good
1333.yippie.biz/ca/los_angeles/,good
1337x.org/torrent/128945/Americano-Rosso-DDTrip-DivX-DAlatri-Bentivoglio-Young-Ferilli-Ghini-TNT-Village/,good
1337x.org/torrent/151097/E-Allora-Mambo-DivX-Ita-Mp3-MIRCrew-TNT-Village/,good
1337x.org/torrent/191829/Card-Captor-Sakura-OST-1-4-Movie-1-2-OST-Lossy-Mp3-128-320kbps-Tntvillage/,good
1337x.org/torrent/239713/Viola-bacia-tutti-Asia-Argento-1998-Ita-sub-Eng-Rus-Thai/,good
1337x.org/torrent/246270/Pinetop-Perkins-The-Complete-Hightone-Sessions-blues-mp3-320-rogercc-h33t/,good
1337x.org/torrent/70342/0/,good
13693.tuksookey.com/,good
1383870.golden-harvest.stone.cc/,good
13ghosts.warnerbros.com/,good
13tura-an.blogspot.com/,good
14072006.blogspot.com/,good
14082.foodpages.ca/,good
14087.foodpages.ca/,good
14089.foodpages.ca/,good
141.2.66.26/en/,good
1470wnyy.com/pages/6210870,good
1483.yippie.biz/mo/kansas_city/,good
14for77.blogspot.com/2011/03/2011-kansas-city-royals-prediction.html,good
14thstreetbridge.wordpress.com/,good
150ninjas.org/,good
1530wjjg.com/,good
1530wjjg.com/about/,good
15jmelvin.glogster.com/,good
15love.gotop100.com/,good
15malaysia.com/films/,good
1630kcjj.com/CAPTAIN-STEVE-AND-TOMMY-LANG-MORNING-SHOW/883630,good
1635.yippie.biz/mo/kansas_city/,good
1675.yippie.biz/mi/lowell/,good
16dli.awardspace.com/page2.html,good
16pads.com/,good
17.taylor.edu/athletics/mbasketball/coach.shtml,good
173.193.93.251/our_people/margaret-a-swimmer,good
1730turkeyoakdrive.com/,good
17437.kaluxo.remax-quebec.com/,good
17441.kaluxo.remax-quebec.com/?42D72F47-640A-4714-A28B-B085C098FAE3&lang=EN,good
17682.kaluxo.remax-quebec.com/,good
17796.kaluxo.remax-quebec.com/?B6693D7A-5046-47B8-A4E5-43DE6037B72D&lang=EN,good
17995.kaluxo.remax-quebec.com/?BDBEA32A-A623-4F04-B336-982DA25EE657&lang=EN,good
17hmr.net/index.php?topic=6680.0,good
17hmr.net/index.php?topic=7296.0,good
1800partsnet.usedmontreal.com/,good
1879zuluwar.talk-forums.com/t2859-capt-george-marshall,good
1879zuluwar.talk-forums.com/t606-1240-pte-william-wilson-allen,good
18daystolyt.com/,good
18gay.net/porn/gay/films/,good
18thccuisine.blogspot.com/,good
1900-1985.com/,good
1911-singer.com/,good
1914-1918.invisionzone.com/forums/index.php?act=idx,good
1914-1918.invisionzone.com/forums/index.php?showtopic=116631,good
1914-1918.invisionzone.com/forums/index.php?showtopic=152717,good
1914-1918.invisionzone.com/forums/index.php?showtopic=33592,good
1918film.com/,good
192.156.19.109/,good
1928.info/,good
1930schoonermistress.blogspot.com/,good
1936pontiac.blogspot.com/,good
1940.airminded.org/category/compton-mackenzie/,good
1947entertainment.com/,good
1947entertainment.com/content/development,good
1950s-science-fiction-films.cheapgooddeal.com/,good
1952toppsbaseballcards.com/Checklist.2.htm,good
1954toppsset.com/,good
1957-chevrolet-alternator-conversion.com/wiring.html,good
1957.usnaclasses.com/,good
1960oldsmobiledynamic88.blogspot.com/,good
1960sbaseball.com/1960sBaseball_HOF_Pinson.html,good
1964topps.wordpress.com/2009/11/29/80-vada-pinson/,good
1964topps.wordpress.com/2010/07/31/389-jim-umbricht/,good
1964topps.wordpress.com/2010/08/07/452-giants-rookie-stars-gil-garridojim-ray-hart/,good
1964topps.wordpress.com/2010/08/22/167-senators-rookies-mike-brumleylou-piniella/,good
1965topps.blogspot.com/2008/09/14-len-gabrielson.html,good
1965topps.blogspot.com/2008/09/65-tony-kubek.html,good
1965topps.blogspot.com/2008/11/423-jesse-gonder.html,good
1965topps.blogspot.com/2008/12/355-vada-pinson.html,good
1965topps.blogspot.com/2008_09_01_archive.html,good
1965topps.blogspot.com/2011/02/269-frank-bolling.html,good
1965topps.blogspot.com/2011/05/260-don-drysdale.html,good
1966.spuhs-reunion.org/60.html,good
1966topps.blogspot.com/,good
1966topps.blogspot.com/2010/02/final-card-don-landrum.html,good
1967fbcards.blogspot.com/,good
1967fbcards.blogspot.com/2010/03/green-bay-packers.html,good
1967fbcards.blogspot.com/2010/04/los-angeles-rams.html,good
1967topps.blogspot.com/,good
1967topps.blogspot.com/2010/01/dennis-ribant-527.html,good
1967topps.blogspot.com/2010/01/final-card-andre-rodgers.html,good
1967topps.blogspot.com/2010/02/final-card-doug-clemens.html,good
1967topps.blogspot.com/2010/03/final-card-bob-duliba.html,good
1967topps.blogspot.com/2010/06/final-card-john-werhas.html,good
1967topps.blogspot.com/2010_03_01_archive.html,good
1968fbcards.blogspot.com/2010/06/san-diego-chargers.html,good
1968topps.blogspot.com/,good
1968topps.blogspot.com/2009/10/tigers-rookies-george-korincefred.html,good
1968topps.blogspot.com/2010/03/bob-rodgers-433.html,good
1968toppsset.com/,good
1970samericancinemaatuwm.blogspot.com/,good
1970topps.blogspot.com/,good
1971fbcards.blogspot.com/2010/01/san-diego-chargers.html,good
1972topps.blogspot.com/2009/03/77-ron-theobald.html,good
1972topps.blogspot.com/2010/01/133-joe-keough.html,good
1973topps.blogspot.com/,good
1973toppsphotography.blogspot.com/2011/11/les-expos.html,good
1973toppsphotography.blogspot.com/p/set-checklist.html,good
1973whsreunion.blogspot.com/2009/08/bruce-reed-butch-reed-hacksaw-reed.html,good
1974topps-pennantfever.blogspot.com/,good
1974topps.blogspot.com/,good
198.164.154.3/~Heritage/RCN/SJ_Built_Frigates.htm,good
198081.timbersfanpage.com/,good
1980toppsbaseball.blogspot.com/,good
1980toppsbaseball.blogspot.com/2009/08/132-biff-pocoroba.html,good
1980toppsbaseball.blogspot.com/2009/12/210-steve-carlton.html,good
1980toppsbaseball.blogspot.com/2010/06/293-elias-sosa.html,good
1980toppsbaseball.blogspot.com/2010/06/312-mike-barlow.html,good
1986bishopready.blogspot.com/,good
1986dragons.com/,good
1987topps.blogspot.com/2009/03/40-dave-righetti.html,good
1988engine.com/,good
1988transmission.com/,good
199.115.25.156/aqueduct/Stakes/HollieHughes.shtml,good
199.237.254.34/index.html,good
1991dragons.com/,good
1atexasfootball5178.yuku.com/topic/7042/Seymour-Panthers-VS-3-Albany-Loins,good
1cdgaeea.fortunecity.com/index9.html,good
1crittenden.com/,good
1crowncenter.com/,good
1greengeneration.elementsintime.com/?p=284,good
1heckofaguy.com/category/leonard-cohen/,good
1linereview.blogspot.com/2010/03/man-from-london-2007.html,good
1m1f.com/Reticuli/,good
1m1f.com/bilodeau/,good
1morefilmblog.com/wordpress/johnny-guitar-ray-1954/,good
1pacquiaovsmosleylivestream.glogster.com/,good
1st-beginners-golf-swing-tips.com/,good
1st-tvseries.blogspot.com/,good
1stcolumbusguide.com/,good
1stnewyorkmccrackensco.org/F__I_War_Impression.html,good
1stpearllimo.com/,good
1tiger-shark.com/caliph-ursula-maciejewski/,good
1up.al/,good
1uparcade.rmfx.com/,good
1upbooks.com/,good
1upclan.info/,good
1uplawnservices.com/,good
1upmedia.com/,good
1uprc.com/,good
1uptest.info/,good
1upwebdevelopment.com/,good
1withabullet.wordpress.com/2009/07/08/rest-in-peace-joe-bowman/,good
2000riverside.com/,good
2002.timbersfanpage.com/,good
20050-wwsr.info/,good
2006.timbersfanpage.com/,good
2006nhlmockdraft.blogspot.com/,good
2007.escapegreat.com/convention/delegates/,good
2007.timbersfanpage.com/,good
2008.heavymtl.com/en/home,good
2008.heavymtl.com/fr/lineup,good
2008grammyawards.blogspot.com/,good
2008records.com/by.names.html,good
2009.aclfestival.com/,good
2009bulletin.loyno.edu/law/faculty/index.php,good
2009cyct.blogspot.com/,good
2009grammywinners.com/,good
2009jrcanadians.langleybaseball.ca/,good
200columbus.com/,good
2010-tennis-live.blogspot.com/,good
2010.aclfestival.com/band/beats-antique,good
2010.aclfestival.com/band/broken-bells,good
2010.aclfestival.com/band/cage-the-elephant,good
2010.census.gov/2010census/,good
2010.festivalinternational.com/band/les-breastfeeders-2,good
2010.lafilmfest.com/,good
2010.lollapalooza.com/band/rogue-wave,good
2010.rocktherepublic.com/musician/we-were-wolves/,good
2010.seebbe.com/active/en/home/gornji_meni/za_izlagace/spisak_izlagaca_abc_2010_v01.html,good
2010.sparkslse.com/speakers.php,good
2010.wifilmfest.org/,good
2010amovieaday.wordpress.com/2010/03/02/the-pink-panther-2/,good
2010eqconf.org/,good
2010fr.heavymtl.com/,good
2010fr.osheaga.com/,good
2010games.nytimes.com/athletes/joannie-rochette-can.html,good
2010games.nytimes.com/athletes/martin-brodeur-can.html,good
2010games.nytimes.com/events/freestyle-skiing/womens-moguls/results.html,good
2011.acmun.org.pk/,good
2011.arisia.org/Bios2011,good
2011.caata.net/conference/,good
2011.csmgraphicdesign.com/profile.php,good
2011.kolkatautsav.com/,good
2011.mx1-steveramon.be/?lang=en,good
2011.noisepop.com/,good
2011.riverrunfilm.com/2011/films,good
2011.scotdancenovascotia.com/,good
2011.scotdancenovascotia.com/?page_id=343,good
2011.tiff-jp.net/en/lineup/works.php?id=22,good
2011.universalsports.com/photos/galleryid=542444.html,good
2011bernardborgjason.blogspot.com/,good
2011canadiangymnasticschampionships.wordpress.com/,good
2011reggae.com/,good
2012.democratic-convention.org/History.php,good
2012.moragatri.com/,good
2012tampa.com/faq/,good
2012world-ends.com/,good
2020psh.org/,good
205.237.250.153/SITES/003-09-geriatrics/index.asp?C=1&DB=024_003-09-geriatrics&M=1&L=E,good
208.112.56.188/merchant2/merchant.mvc?Screen=CTGY&Store_Code=BC&Category_Code=CP,good
20832.com/?lang=eng,good
20gay.com/listed.htm,good
20poundsofheadlines.wordpress.com/2011/05/03/sly-james-takes-cleavers-communication-director-fills-out-staff/,good
20poundsofheadlines.wordpress.com/2011/11/07/kc-mayor-sly-james-bittersweet-reaction-to-mizzou/,good
20poundsofheadlines.wordpress.com/2011/11/19/maybe-be-best-kinder-line-of-fruday-night-from-house-budget-chair-ryan-silvey/,good
20secondtimeout.blogspot.com/2007/04/2006-2007-nba-playoff-preview.html,good
20somethinglibrarian.wordpress.com/2011/09/19/montreal-comiccon/,good
211blog.drawnandquarterly.com/,good
211blog.drawnandquarterly.com/2011_07_01_archive.html,good
216.92.161.171/vb/printthread.php?t=8432&pp=40,good
216.92.161.171/vb/printthread.php?t=8432&pp=40&page=2,good
21gms.com/,good
21st-century-breakdown.com/,good
21stbattalion.ca/graves_t-z.html,good
21stcenturyaffiliatemarketing.com/2008/08/31/ken-evoy-releases-updated-2008-edition-of-the-affiliate-masters-course/,good
21stcenturybreakdown.org/,good
21stcenturybreakdownlyricsgreenday.blogspot.com/,good
21stcenturybreakdownlyricsgreenday.blogspot.com/2009/02/21st-century-breakdown-song-lyrics-by.html,good
21stcenturybreakdownlyricsgreenday.blogspot.com/2009/03/viva-la-gloria-lyrics-green-day.html,good
21stcenturyurbansolutions.wordpress.com/tag/capitol-corridor/,good
2215manzanitadrive.com/,good
2255films.blogspot.com/,good
227-youtube-chili-chicago-bulls-nba.blogspot.com/,good
227-youtube-chili-nbc-tv-nba-news.blogspot.com/,good
227s-youtube-chili-duke-blue-devils.hoops227.biz/?p=29,good
227s-youtube-chili-duke-blue-devils.hoops227.biz/?p=30,good
22930.foodpages.ca/,good
2310.digitalsports.com/,good
234next.com/csp/cms/sites/Next/Home/5745279-146/afdb_sets_out_bullish_vision_for.csp,good
23rdstorey.blogspot.com/,good
23rdstorey.com/,good
24.wikia.com/wiki/David_Emerson,good
24.wikia.com/wiki/Michael_Massee,good
24.wikia.com/wiki/Milo_Pressman,good
247magazine.co.uk/2010/10/25/police-in-keynsham-hunt-mr-t-lookalike-in-connection-with-road-rage-attack/,good
247sports.com/Player/Joe-Manley-8182,good
247sports.com/Player/Keith-Byars-II-8543,good
247sports.com/Player/Marcus-Foster-10963,good
24tango.blogspot.com/,good
24timezones.com/,good
24timezones.com/world_directory/fort-de-france_local_time.php,good
24tvseriesepisodes.com/,good
2522.digitalsports.com/,good
25south.wordpress.com/2011/10/29/15-january-2005-%e2%80%93-bidvest-wits-stadium-johannesburg-south-africa/,good
26th.theabcsofdeath.com/t-is-for-taste,good
280macarthurlane.com/,good
28dayslater.wikia.com/wiki/Brendan_Gleeson,good
2across.com/,good
2bcca.totoblog.net/g20947.html,good
2bheal.com/,good
2boredtofeelfree.blogspot.com/,good
2dhouse.com/index.php,good
2gta.com/,good
2illuminate.blogspot.com/2010/04/carew-castlecar-boot-sale.html,good
2leep.com/srch/g/a/s/gas+station+fail.html,good
2milechallenge.com/pages/about,good
2mopaul.com/GoneClaudeDelisle.htm,good
2ndannualnewbernfurball.blogspot.com/,good
2ndcoloradocavalry.com/history.html,good
2ndwinterlimnology.igb-berlin.de/,good
2neatmagazines.com/life/1951.html,good
2onlinetv.com/tv/stream.php?id=1217,good
2onlinetv.com/tv/stream.php?id=1228,good
2onlinetv.com/tv/stream.php?id=892,good
2ormoreresources.blogspot.com/,good
2pacogz.blogspot.com/,good
2persontentreviews.com/,good
2photographersandadog.com/ourminds/,good
2rcha.net/,good
2stepsfromdeath.com/,good
2uibestow.blogspot.com/2011/05/album-review-fred-leaving-my-empire.html,good
3040collegestatuslist.blogspot.com/,good
3107shelterbay.com/,good
31hours.com/live-streaming-puerto-rico-islanders-vs-saint-lucia-tv-watch/,good
31hours.com/live-streaming-shimizu-s-pulse-urawa-red-diamonds-tv-watch-17-09-2011/,good
31hours.com/los-angeles-galaxy-vancouver-whitecaps-live-stream-17-september-2011/,good
31hours.com/streaming-live-fc-dallas-vs-new-york-red-bulls-17-09-2011/,good
31hours.com/watch-dallas-stars-vs-montreal-canadiens-livestream-20-09-2011/,good
31hours.com/watch-kansas-city-royals-minnesota-twins-live-streaming-28-09-2011/,good
31hours.com/watch-sporting-kansas-city-vs-new-york-red-bulls-livestream-15-october-2011/,good
32atozcars.blogspot.com/,good
32brownct.com/,good
33-montreal.com/history-of-montreal.asp,good
342963.likedop.info/?ref=main,good
350.royalsociety.org/,good
35thregistry.com/,good
360boating.com/company.cfm?id=19429,good
360boating.com/statelist.cfm?state=BC,good
360darch.com/,good
360winnett.com/,good
365cincinnati.com/free/union-terminal-rotunda-tour,good
365ponyup.blogspot.com/,good
365rosaries.blogspot.com/2010/08/august-31-saint-raymond-nonnatus.html,good
3907.cupe.ca/wp/,good
3953303.ammas.com/redirect.cfm,good
399bellevue.com/,good
39clues.wikia.com/wiki/Gordon_Korman,good
3actors.com/,good
3alitydigital.wordpress.com/,good
3alitytechnica.com/,good
3barnone.tripod.com/id34.htm,good
3barnone.tripod.com/welcome.htm,good
3blmedia.com/theCSRfeed/Canadian-Business-Global-Citizen-Interview-Jean-Francois-Gascon-Vice-President-Capacity-B,good
3blmedia.com/theCSRfeed/Electrical-Public-Safety-American-Electric-Power-Anatomy-Distribution-System,good
3blmedia.com/theCSRfeed/Fair-Trade-USA-Names-Green-Mountain-Coffee-Roasters-Inc-World%E2%80%99s-Largest-Purchaser-Fair-Tr,good
3blmedia.com/theCSRfeed/Molson-Canadian-Red-Leaf-Project-Celebrates-Grey-Cup-Vancouver,good
3blmedia.com/theCSRfeed/ReportAlertinfo-Soci%C3%A9t%C3%A9-de-transport-de-Montr%C3%A9al-publishes-Sustainable-Development-Report,good
3blmedia.com/theCSRfeed/World-Bank-and-Fair-Trade-USA-Provide-Training-Colombian-Coffee-Producers-Price-Risk-Mana,good
3boom.net/kanyar/fraktal.htm,good
3chicspolitico.com/president-obamas-accomplishments/,good
3cincom.com/,good
3dcgi.net/,good
3dconsultingllc.com/,good
3dguy.tv/tag/narnia-3d/,good
3dir.co.uk/directory/category/sports/index.php,good
3dparks.wr.usgs.gov/coloradoplateau/lexicon/greenriver_laney.htm,good
3jack.blogspot.com/2009/04/champagne-tony-lema.html,good
3kproperties.com/,good
3ldfilms.com/,good
3stepusa.com/,good
3totango.warnerbros.com/,good
3xupdate.com/tag/henri-pachard/,good
3xupdate.com/tag/juliet-anderson/,good
3xupdate.com/tag/mai-lin/,good
40553594.ammas.com/redirect.cfm,good
405la.com/,good
405th.com/,good
410film.com/,good
411free411.com/nj/monmouth-county.html,good
411webconnect.com/listing/alllocations.php,good
415mediagroup.com/,good
415world.com/,good
415worldinfo.com/,good
419.bittenus.com/11/4/BelhassenTrabelsi.html,good
4261detroit.com/,good
4275louispayette.com/,good
42monticelloavenue.com/,good
42ndrhr.org/,good
42ndstmoon.org/and-all-jazz-john-kander-salon-evening,good
43kix.com/wap/castcrew.php?film=68206,good
440int.com/sfran.html,good
44309streetartgallery.net/,good
44thandgoal.blogspot.com/,good
45-degrees.blogspot.com/2011/11/autumn-2011-on-dachstein-photo-update.html,good
4508c35cb.blogspot.com/,good
4508c35cb.blogspot.com/2009_01_01_archive.html,good
465dominionunit409.com/,good
46eqez.blogspot.com/2011/05/charlene-tilton-now.html,good
48433.digitalsports.com/2008/05/12/updates-for-miaa-baseball-championships-tournaments/,good
48thpennsylvania.blogspot.com/2007_05_01_archive.html,good
49ersnews.com/2011/01/greg-roman-named-offensive-coordinator/,good
49thvirginiainfantry.com/,good
4americanfootball.blogspot.com/2008/10/list-of-american-football-teams-in.html,good
4bars.com.au/web/2011/08/23/classic-cocktails-the-bobby-burns/,good
4chanarchive.org/brchive/dspl_thread.php5?thread_id=1365059&amp;x=Post-Rock+share+thread,good
4closurefraud.org/2011/09/02/reminder-in-2010-iowa-ag-miller-was-major-recipient-of-vew-out-of-state-bank-finance-money/,good
4creditunion.com/,good
4gmobile.com/,good
4h.wsu.edu/volunteertraining/,good
4hcasscounty.org/,good
4hourpeople.com/,good
4lakids.blogspot.com/2006_03_01_archive.html,good
4megaupload.com/5x10-arashi-pv.html,good
4megaupload.com/808s-heartbreak.html,good
4megaupload.com/ageless-desire-juliet-anderson.html,good
4megaupload.com/alessandro-siani-tutti-bravi-megavideo.html,good
4megaupload.com/all-the-best-1999-2009-torrent.html,good
4megaupload.com/all-the-best-1999-2009-zip.html,good
4megaupload.com/amanda-majestic.html,good
4megaupload.com/arashi-beautiful-world-album.html,good
4megaupload.com/arashi-single-collection-1999-2001.html,good
4megaupload.com/arcangel.html,good
4megaupload.com/ariel-rebel.html,good
4megaupload.com/biutiful-pt.html,good
4megaupload.com/biutiful.html,good
4megaupload.com/brazzers-com.html,good
4megaupload.com/brazzers-milf.html,good
4megaupload.com/breaking-point.html,good
4megaupload.com/burn-after-reading.html,good
4megaupload.com/christina-carter-o-girl.html,good
4megaupload.com/coeur-de-pirate-blonde-mediafire.html,good
4megaupload.com/darren-james-lara-roxx-video.html,good
4megaupload.com/download/narumi-takahashi-chunk-5-rmvb-5842995.html,good
4megaupload.com/extreme-femdom-caning-tube.html,good
4megaupload.com/faso-latido.html,good
4megaupload.com/flora-martinez-desnuda.html,good
4megaupload.com/gas-pedal-footjob.html,good
4megaupload.com/hard-fucking-movie.html,good
4megaupload.com/hard-love-life-uncensored.html,good
4megaupload.com/heavenly.html,good
4megaupload.com/hong-kong-girl-fucking.html,good
4megaupload.com/hong-kong-porn.html,good
4megaupload.com/jayne-heitmeyer-nude.html,good
4megaupload.com/jayne-heitmeyer-topless.html,good
4megaupload.com/kanye-west-808s-heartbreak.html,good
4megaupload.com/kat-tun.html,good
4megaupload.com/la-frangine-1990-rebel-henri-pachard.html,good
4megaupload.com/lanny-barby-monica-sweetheart.html,good
4megaupload.com/lanny-barby.html,good
4megaupload.com/lara-roxx.html,good
4megaupload.com/laurence-leboeuf-nu-video.html,good
4megaupload.com/les-confessions-de-rousseau.html,good
4megaupload.com/malice-in-lalaland-download.html,good
4megaupload.com/michelle-mclaren-facesitting-nurse.html,good
4megaupload.com/mikayla-mendez.html,good
4megaupload.com/monica-mattos-chupando-o-cavalo.html,good
4megaupload.com/monica-mattos-transando-com-travestis.html,good
4megaupload.com/pedal-pumping-cranking.html,good
4megaupload.com/raphael-saadiq.html,good
4megaupload.com/saturday-night-latinas.html,good
4megaupload.com/single-collection.html,good
4megaupload.com/so-cal-val-vs-vanessa-kraven.html,good
4megaupload.com/wet-hot-american-summer.html,good
4megaupload.com/zaho-feat-sean-paul.html,good
4mind4life.com/blog/2008/02/22/50-things-that-kill-brain-cells/,good
4or8br.lbibeachfront.net/,good
4qwqf5wkel.werumatolj.ru/?n=63208&amp;tid=51864,good
4smiling.com/4smiling_dr_joe_ellis.html,good
4somaliwomen.com/index.php/component/content/article/1/1594,good
4squarephotos.com/,good
4suck.net/video/29310/Narumi-Takahashi-4,good
4telworx.com/manufacturers/ZHONE.asp,good
4th-wave.com/,good
4thandhome.com/,good
4thandhome.com/2011/03/02/2011-fantasy-baseball-september-stars-series-logan-morrison/,good
4wheeldrive.about.com/cs/fordhistory/a/aa081702a.htm,good
50.6.221.53/,good
50mostinfluentialdisneyanimators.wordpress.com/2011/11/12/4-fred-moore/,good
50shekel.com/,good
50spopmusic.com/50smoviestvbroadway/50musicprogramsontv.html,good
50th.warnerbrosrecords.com/,good
510fallenangel.blogspot.com/,good
511.ky.gov/,good
511contracosta.org/ac-transit-and-bikes/,good
511contracosta.org/caldecott-tunnel-progress-update-8/,good
511contracosta.org/tag/caldecott-tunnel/,good
511sjv.org/Home.aspx,good
51426.likecase2.info/,good
514guestlist.com/,good
518fever.com/,good
51flag.4t.com/,good
53633.foodpages.ca/,good
55butlercourt.epropertysites.com/,good
5744presleyway.com/,good
57chevy.freeyellow.com/,good
57classicchevy.com/1957-chevrolet-wiring-diagram.html,good
57grantgrad.org/,good
58002.domains.domaingateway.com/v2.php?domainID=58002&cid=0&crid=0&ctid=991&t=0(0)&cc=840&vd=0&params=713e01b8003d3ce4a065b6cec84cc1ebd197e252-sf4.kU.w3S.ssu%09f.fUffff%094NIjaE2ERY%09wsukf3kkwk%092vvR%3A%2F%2FQIvj.4NIjaE2.EtQ%2FEiqEH%2FEiqEH.jNRb%3Fb%3Dj3OmAEJVDB3oHXbU7pcTEh%25Fo%25Fo_vhbTpzz1%25sA6oTJVgbhd29J0d8DJCGyvRtBy%25sOCSgQWiiSGMZS8pm%25sOsNCumfBRre08yFCJ8LIkAol2qgikL04NCtrS4PNPRKaAEkqOI9%25sA7MAlNOadaNyFDXl3ECOVOr1L50%25sAlQh2w2dpVOSoqh80DE1CgVr8L1ykhdvRZhnTXJ4Y6D81xQJyqjup5fPFfj4QBvhhwFxObJEe%25sAwLyVKY1VYZR5QfH6O8w5bGqlLX5Bv4SbpXu2h17nYLr9t%25sAeJTHqEQ%25sODsPcqHqM02Ed5iRWh76wdsLybvVJXy3E0IFnq4U6TLyrwHDnD0NAU%25sOLOkE6Ub5Of%09YtqR%25sfAWNqLINN%25sftRRtavWLqv0&ch=637b4b53ecdd54e48d5d6dfcc13e3b02a41e2aa9&pc=5-14370360,good
5magazine.wordpress.com/2010/07/02/my-lobotomy-by-howard-dully-charles-fleming/,good
5minforecast.agorafinancial.com/,good
5tothrive.net/,good
5winsinmarch.blogspot.com/,good
6-4-2.blogspot.com/2011/06/dodgers-call-up-dee-gordon.html,good
60311.digitalsports.com/,good
61sports.com/,good
61yardsale.com/,good
62.149.174.245/,good
625.uk.com/,good
63rdvirginiainfantry.tripod.com/id1.html,good
64.246.64.33/merge/tsnform.aspx?c=sportsnetwork&page=nhl/scores/final/W14733.htm,good
64andnewermustangs.blogspot.com/,good
65.61.23.146/tournaments/01%20tournaments/01oldbridge.html,good
6502.org/users/dieter/,good
65milesfor65roses.weebly.com/,good
66.10.82.78/,good
66.49.146.170/blog/archives/000020.html,good
66spanishgarage.blogspot.com/,good
6701elverton.com/,good
68.12.132.110:8080/Tony/AllAmerican/AllAerican.htm,good
68.178.200.107/,good
68.178.255.188/playlists/kcnlfm.aspx,good
69.89.31.128/~muirptao/?page_id=2540,good
69.89.31.128/~muirptao/?page_id=41,good
69.89.31.128/~muirptao/?page_id=553,good
69.89.31.128/~muirptao/?page_id=727,good
69.koplowicz.com/node/40,good
6dollarshirts.com/product.php?productid=11374&goog=ac_transit_1,good
6ksts2011.blogspot.com/,good
6thfloor.blogs.nytimes.com/2011/09/19/sentence-of-the-week-fall-harvest-edition/,good
708580-jbm-5.info/,good
70shorrorfilms.com/,good
70slivekidvid.com/satsm.htm,good
70spornstars.blogspot.com/2009/03/juliet-anderson_27.html,good
710kcmo.blogspot.com/,good
737nightclub.com/,good
74trojans.com/,good
75topps.blogspot.com/2010/10/336-rennie-stennett.html,good
75topps.blogspot.com/2011/03/493-don-stanhouse.html,good
76thdivision.com/304/history_304th_089.html,good
77.170.120.22/ex-baba/engels/comments_on/_the_secret_swami/tigrett.htm,good
7767gulfblvd.com/,good
7815551212.com/nxxcodes/598.html,good
781redrum.blogspot.com/2007/09/ant-banks-sittin-on-somethin-phat-1993.html,good
78rpmrecordlabels.blogspot.com/,good
78seagram.com/,good
7el-pistolero.blogspot.com/2011/06/el-pistplero-gun-fighterluis-alberto.html,good
7films.me.uk/,good
7fingers.com/en/shows/3-psy,good
7floorsofhell.com/about.htm,good
7inchcrust.blogspot.com/,good
7not.net/?m=video&id=153,good
7seascity.com/,good
7wondersoftheworldpictures.com/,good
800notes.com/Phone.aspx/1-866-435-1646,good
800notes.com/Phone.aspx/1-877-469-8290,good
80artworks-vanartgallery.com/arthur-lismer/,good
80music.about.com/,good
80slistener2.blogspot.com/2009/01/anita-pointer-love-for-what-it-is.html,good
80slistener2.blogspot.com/2009/06/rene-angela-ill-be-good-1985single.html,good
81-el-camino.blogspot.com/2010/05/chevrolet-el-camino-ss454-1970-72.html,good
81-el-camino.blogspot.com/p/el-camino-history.html,good
83.ufc.com/,good
87-09.blogspot.com/,good
87-09.blogspot.com/2009/04/96-everybody-get-up-its-time-to-slam.html,good
880autobody.com/,good
8bitgallery.blogspot.com/,good
8help.osu.edu/3107.html,good
8mm16mmfilmscollectibles.com/laurelhardy.htm,good
8mmforum.film-tech.com/cgi-bin/ubb/ultimatebb.cgi?ubb=print_topic;f=1;t=004283,good
8simplerules.tvheaven.com/,good
8simplerules.tvheaven.com/presskit.html,good
8th-circuit.com/?q=content/black-dynamite-animated-series-and-comic-debut-meltdown-comics-tomorrow,good
8thwood.com/michael_scott_speicher.htm,good
8tracks.com/the_concordian/90s_vs_now,good
8w.forix.com/gregory.html,good
90-day-loan.com/,good
90210.wikia.com/wiki/Jason_Wiles,good
909highst.blogspot.com/2007/11/harry-whitney-and-mark-rashid-part-2.html,good
90daystoeternity.blogspot.com/,good
90feetofperfection.com/2011/07/06/byrnes-vs-haselman-gibson-sweet-lou-vs-pudge-the-elder-dimaggio-rizzo/,good
90minutesstrong.wordpress.com/2011/11/22/the-impact-freddy-adu-will-have-in-montreal/,good
90pluswines.com/Wine/22864328A09/Gerard--Pierre-Morin---Sancerre-Le-Chene-Marchand/2009.aspx,good
90pluswines.com/Wine/24151638A09/Dom.-Bruno-Clair---Gevrey-Chambertin-Clos-St.-Jacques/2009.aspx,good
911-harley-shirt-guy.blogspot.com/2009/05/mark-adrian-humphrey-actor-is-harley.html,good
911cpn28.0fees.net/ch56/videos-of-corcoran-p62.html,good
911research.wtc7.net/cache/planes/attack/abc_f93crash.html,good
911review.org/bUSH_hUMOR.html,good
911review.org/humor/Bush_politic-satire.html,good
919sports.blogspot.com/,good
92ndma.org/325thBSHistory.html,good
947hits.com/,good
947thewave.radio.com/,good
947thewave.radio.com/2011/09/26/photos-michael-jacksons-kids-prince-paris-blanket-all-grown-up/,good
94wysp.radio.com/2011/06/20/concert-announcement-bush-at-house-of-blues-in-atlantic-city-on-08-04-11/,good
9501nmainstreet.epropertysites.com/,good
955glo.com/,good
955glo.com/mark-martel-is-the-perfect-lead-singer-for-the-new-queen-tribute-band-video/,good
957thegame.com/,good
975kgkl.com/,good
98.127.224.134/purecountry/,good
987ampradio.radio.com/category/contests/,good
98country.com/tags/scotty-mccreary/,good
991.com/Sell/Wanted.aspx?Artist=Record+Labels,good
991thefox.com/Jennifer-Grant/1496419,good
997now.radio.com/,good
997now.radio.com/2011/04/11/jennifer-lopez-reveals-love-track-list/,good
99americans.org/,good
9inchfloater.com/,good
9rank.com/acomba.net,good
9rank.com/amour.fr,good
9rank.com/barbot.pt,good
9rank.com/bayloo.com,good
9rank.com/bolduc.ca,good
9rank.com/ckoi.com,good
9rank.com/disneyxd.se,good
9rank.com/ericalexandre.com,good
9rank.com/eros.es,good
9rank.com/fep.umontreal.ca,good
9rank.com/gratuit-chat.fr,good
9rank.com/hymer.com,good
9rank.com/hymer.dk,good
9rank.com/ionline.tv,good
9rank.com/jpmetalamerica.com,good
9rank.com/latido.com.mx,good
9rank.com/militarybest.com,good
9rank.com/mujeres-maduras.es,good
9rank.com/saputo.com,good
9rank.com/scandella.it,good
9rank.com/sexxxy.com,good
9rank.com/sonnik.org,good
9rank.com/telequebec.tv,good
9rank.com/transgenderwarrior.org,good
9sylvestercourt.com/,good
a-18478.autoline.info/,good
a-affordablehvac.com/,good
a-americanelectric.com/,good
a-beer-in-hand-is-worth-2-in-a-bar.blogspot.com/,good
a-league.com/game_reports/2005/toronto_lynch_07162005.shtml,good
a-leaguearchive.tripod.com/,good
a-leaguearchive.tripod.com/1994/results94.htm,good
a-leaguearchive.tripod.com/1995/1995.htm,good
a-leaguearchive.tripod.com/1996/1996.htm,good
a-leaguearchive.tripod.com/2000/2000.htm,good
a-leaguearchive.tripod.com/2005/2005.htm,good
a-prints.com/c/,good
a-prints.com/r/,good
a-team-band.com/,good
a-zgaragedoors.com/,good
a-zkitchen.com/,good
a-zpcpro.com/,good
a.espncdn.com/boxing/s/2004/0201/1724433.html,good
a.espncdn.com/nfl/preview02/columns/garber_greg/1425026.html,good
a.espncdn.com/nfl/profiles/profile/1608.html,good
a.gogousenet.com/0zfcirtb/group/alt.binaries.erotica.bondage/image/2009-05-22/page-1-date-50.html,good
a.media.abcfamily.go.com/abcfamily/Standalone/cluetracker/,good
a.warren-wilson.edu/page.aspx?pid=373,good
a1-grand-prix.blogspot.com/,good
a11news.com/418/bernadette-protti/,good
a11news.com/96/wayne-nelson-corliss/,good
a11news.com/tag/kirsten-costas/,good
a1businessmortgages.co.uk/,good
a1investigations.net/,good
a1yola.com/ant-banks-sittin-on-somethin-phat/,good
a1yola.com/pooh-man-fuckin-wit-dank-2001/,good
a1yola.com/rappers/digital-underground/,good
a1yola.com/rappers/dru-down/,good
a1yola.com/rappers/homicide/,good
a1yola.com/rappers/jay-tee/,good
a1yola.com/rappers/mac-dre/,good
a1yola.com/rappers/mac-shawn/,good
a1yola.com/rappers/richie-rich/,good
a1yola.com/rappers/seagram/,good
a1yola.com/steady-mobbn-blood-money/,good
a1yola.com/steady-mobbn-pre-meditated-drama/,good
a242consulting.org/blog/,good
a2fister2000.tripod.com/id82.htm,good
a2ultimate.org/code/league/teams/spring/2008/sunday,good
a2z-singing-tips.com/,good
a4esl.org/,good
aa.mediaroom.com/index.php?s=43&item=3119,good
aa87.org/aide-telephonique_en.php,good
aaaultramar.com/portada.html,good
aac.asm.org/content/45/3/649.full,good
aaenvironment.blogspot.com/2009/04/naomi-davis-founder-blacks-in-green.html,good
aafca.com/,good
aafwaterloo.wordpress.com/,good
aakgc.com/,good
aalbc.com/authors/maya.htm,good
aallamericanpromasterelectric.com/,good
aamserver.dnsalias.com/faawc/Press%20release/Fashion.htm,good
aangirfan.blogspot.com/2011/09/ronan-parke-album.html,good
aap.cornell.edu/arch/alumni/alumni-profile.cfm?customel_datapageid_7102=254125,good
aapb.lockton-ins.com/,good
aapg09.mapyourshow.com/2_1/sessions/result.cfm?page=44&audienceid=&trackid=&pagesize=25&q=&handouts=&date=&speakerid=&sessiontype=,good
aarambhindia.com/,good
aardvarkian.com/,good
aardvarkrecords.blogspot.com/,good
aardwolfsice.com/Club/Trophies/Trophies.html,good
aarkair.com/,good
aaron0884.tripod.com/,good
aaron0886.tripod.com/,good
aarondouglas.livejournal.com/,good
aaronkolb.com/,good
aaronmayerfrankel.com/,good
aaronstone.wikia.com/wiki/Kelly_Blatz,good
aasg.org/cms/,good
aasrphasj.org/,good
aasteel.com/,good
aatorontoagnostics.org/latest-posts/,good
aatq.org/en/members.php,good
aaunews.org/news/?p=5812,good
aauw-lgs.org/,good
aavad.com/artistbibliog.cfm?id=1097,good
aavad.com/artistbibliog.cfm?id=1677,good
aavad.com/artistbibliog.cfm?id=1734,good
aavad.com/artistbibliog.cfm?id=2,good
aavad.com/artistbibliog.cfm?id=260,good
aavad.com/artistbibliog.cfm?id=4933,good
aavad.com/artistbibliog.cfm?id=54,good
aavad.com/artistbibliog.cfm?id=79,good
aavad.com/artistbibliog.cfm?id=867,good
aavad.com/artistbibliog.cfm?id=927,good
aavad.com/artistbibliog.cfm?id=953,good
aayhl.com/,good
aazing.blogspot.com/2009/11/playboy-playmates-1953-2008.html,good
abacoescape.com/AdProgram/Adtestimonials.html,good
abacom.com/~dgdupre/duprea.htm,good
abacus.bates.edu/CollegeRelations/sports/baseball.html,good
abacus.bates.edu/sports/base/02/umpi.html,good
abacusmortgagetraining.com/,good
abadogs.com/,good
abalive.com/conferences/mid-central-conference/lima-explosion/,good
abalive.com/tryouts/lima-explosion-tryouts/,good
abarnyard.com/,good
abarrelfull.wikidot.com/petro-canada-edmonton-refinery,good
abarrelfull.wikidot.com/suncor-montreal-refinery,good
abashtube.com/best/Monster,good
abbaskarimjee.wordpress.com/2011/08/25/interview-with-peter-keleghan-on-little-mosque-season-6-and-on-the-end-of-18-to-life/,good
abbaymedia.com/News/?p=6953,good
abbott.epsb.ca/,good
abbott.splashweb.net/,good
abbott.splashweb.net/descendants/john-emma.htm,good
abbotthillfarm.com/,good
abbottkc.com/,good
abbottlawoffices.com/,good
abbottnaturephotography.com/,good
abbottscompounding.com/,good
abbreviations.wordcrow.com/acronyms/M/,good
abbreviations.yourdictionary.com/cbf,good
abbreviations.yourdictionary.com/cbm,good
abbreviations.yourdictionary.com/cbma,good
abbreviations.yourdictionary.com/ftq,good
abbreviations.yourdictionary.com/index/cav-cdm.html,good
abbreviations.yourdictionary.com/kmel,good
abbreviations.yourdictionary.com/sertoma,good
abbreviations.yourdictionary.com/wdaf-tv,good
abbreviations.yourdictionary.com/wrik,good
abbreviations.yourdictionary.com/wrin,good
abbreviations.yourdictionary.com/wwsr,good
abbsearch.in/node/25830,good
abc-design-studios.com/,good
abc.go.com/,good
abc.go.com/shows,good
abc.go.com/shows/extreme-makeover-home-edition/bio/ed-sanders/32740,good
abc.go.com/shows/extreme-makeover-home-edition/bio/paul-dimeo/32739,good
abc.go.com/shows/general-hospital/bio/monica-quartermaine/165665,good
abc.go.com/shows/modern-family,good
abc.go.com/shows/modern-family/family-scrapbook,good
abc.go.com/shows/modern-family/family-tree,good
abc.go.com/shows/one-life-to-live,good
abc.go.com/shows/rookie-blue/bio/sam-swarek/456105,good
abc.go.com/shows/shark-tank/bio/kevin-oleary/276282,good
abc.go.com/watch/modern-family/235331,good
abc4all.tigblog.org/archive/02_2008,good
abc4all.tigblog.org/archive/02_2008?setlangcookie=true,good
abc7news.typepad.com/techblog/,good
abcabbotsford.com/,good
abcbeautyltd.co.uk/productdetails-Hot-Wax-Heater-Starter-Kit/52.html,good
abcbirds.ww.freebase.com/view/m/0crct40,good
abcclosings.com/,good
abcdigmusic.net.au/artist/seasick-steve,good
abcexpo.me/,good
abcfamily.go.com/,good
abcfamily.go.com/movies/,good
abcfamily.go.com/search?search=Tyler+Blackburn,good
abcfamily.go.com/shows/,good
abcfamily.go.com/shows/secret-life-american-teenager,good
abcfamilyblog.wordpress.com/,good
abcfamilybloggers.blogspot.com/,good
abcgroupfamilydaycare.com/,good
abchomeopathy.com/search.php?search=Z,good
abclocal.go.com/kabc/channel?section=weather/forecast&id=6650542,good
abclocal.go.com/kabc/feature?section=weather/photos&id=5790008,good
abclocal.go.com/kabc/feature?section=weather/photos&id=5790341,good
abclocal.go.com/kabc/feature?section=weather/photos&id=5790342,good
abclocal.go.com/kabc/index,good
abclocal.go.com/kabc/live,good
abclocal.go.com/kabc/story?section=news/local/los_angeles&id=8293511,good
abclocal.go.com/kabc/story?section=news/state&id=8416942,good
abclocal.go.com/kfsn/story?section=news/local&id=8329659,good
abclocal.go.com/kgo/bio?section=ontv/stationinfo/bios&id=3281871,good
abclocal.go.com/kgo/channel?section=news/local/east_bay&id=7102525,good
abclocal.go.com/kgo/explore?tag=i880,good
abclocal.go.com/kgo/explore?tag=jerry-brown,good
abclocal.go.com/kgo/explore?tag=oakland-athletics,good
abclocal.go.com/kgo/gallery?section=resources/traffic&id=7601410&photo=1,good
abclocal.go.com/kgo/index,good
abclocal.go.com/kgo/story?section=news/assignment_7&id=7945220,good
abclocal.go.com/kgo/story?section=news/iteam&id=7195170,good
abclocal.go.com/kgo/story?section=news/local&id=6277756,good
abclocal.go.com/kgo/story?section=news/local/east_bay&id=6722148,good
abclocal.go.com/kgo/story?section=news/local/east_bay&id=7076750,good
abclocal.go.com/kgo/story?section=news/local/east_bay&id=8027645,good
abclocal.go.com/kgo/story?section=news/local/east_bay&id=8180819,good
abclocal.go.com/kgo/story?section=news/local/east_bay&id=8209580,good
abclocal.go.com/kgo/story?section=news/local/east_bay&id=8367851,good
abclocal.go.com/kgo/story?section=news/local/east_bay&id=8380840,good
abclocal.go.com/kgo/story?section=news/local/east_bay&id=8387134,good
abclocal.go.com/kgo/story?section=news/local/east_bay&id=8396951,good
abclocal.go.com/kgo/story?section=news/local/east_bay&id=8438493,good
abclocal.go.com/kgo/story?section=news/local/san_francisco&id=8053004,good
abclocal.go.com/kgo/story?section=news/local/san_francisco&id=8434673,good
abclocal.go.com/kgo/story?section=resources/lifestyle_community/green&id=7102040,good
abclocal.go.com/kgo/story?section=resources/traffic&id=8078348,good
abclocal.go.com/kgo/story?section=resources/traffic&id=8150635,good
abclocal.go.com/kgo/video,good
abclocal.go.com/kgo/video?id=8410642,good
abclocal.go.com/wabc/bio?section=resources/inside_station/newsteam&id=5771963,good
abclocal.go.com/wabc/bio?section=resources/inside_station/newsteam&id=7496368,good
abclocal.go.com/wabc/explore?columnist=tim-fleischer,good
abclocal.go.com/wabc/explore?tag=mount-vernon,good
abclocal.go.com/wls/bio?section=resources/inside_station/newsteam&id=5771897,good
abclocal.go.com/wls/story?section=news&id=4563621,good
abclocal.go.com/wls/story?section=news/local&id=7623120,good
abclocal.go.com/wls/story?section=news/local&id=8067674,good
abclocal.go.com/wls/story?section=news/politics&id=7699304,good
abclocal.go.com/wls/story?section=news/sports&id=7183864,good
abclocal.go.com/wls/story?section=resources&id=8412663,good
abclocal.go.com/wpvi/story?section=news/entertainment&id=8432921,good
abclocal.go.com/wpvi/story?section=news/local&id=8402118,good
abclocal.go.com/wpvi/story?section=news/local&id=8444295,good
abclocal.go.com/wtvd/story?section=news/local&id=7170275,good
abclocal.go.com/wtvd/story?section=news/local&id=8205356,good
abcnews.go.com/Blotter/michele-bachmann-exclusive-pray-gay-candidates-clinic/story?id=14048691,good
abcnews.go.com/Blotter/space-shuttle-atlantis-launch-nasa-enters-black-hole/story?id=14028112,good
abcnews.go.com/Entertainment/emmy-award-winners-modern-family-mad-men-temple/story?id=11511387&page=3,good
abcnews.go.com/Entertainment/popup?id=7903321,good
abcnews.go.com/Entertainment/slideshow/halloween-awkward-family-photos-13276954,good
abcnews.go.com/GMA/WinterConcert/story?id=2798141&page=1,good
abcnews.go.com/GMA/recipe?id=7248312,good
abcnews.go.com/GMA/recipe?id=7281011,good
abcnews.go.com/GMA/story?id=8009566&page=1,good
abcnews.go.com/GMA/video?id=2687351,good
abcnews.go.com/Health/MensHealth/Story?id=7861678&page=10,good
abcnews.go.com/Health/video/alive-man-pronounced-dead-by-paramedics-12929285,good
abcnews.go.com/Health/video/canna-cola-marijuana-infused-soda-12761418,good
abcnews.go.com/International/Story?id=7506786&page=1,good
abcnews.go.com/Nightline/video/greatest-movie-extra-time-13888451,good
abcnews.go.com/Nightline/video?id=4181242,good
abcnews.go.com/Politics/2010_Elections/Illinois,good
abcnews.go.com/Politics/Primaries/page?id=3393725,good
abcnews.go.com/Politics/budget-cuts-army-plan-halt-abrams-tank-production/story?id=13582237,good
abcnews.go.com/Politics/charlie-wilson-congressman-texas-dies-76/story?id=9800037,good
abcnews.go.com/Politics/donald-trumps-vietnam-draft-records-secret-documents-deferments/story?id=13492639,good
abcnews.go.com/Politics/story?id=7852543&page=1,good
abcnews.go.com/Politics/story?id=806631&page=1,good
abcnews.go.com/Technology/Story?id=2075976&page=1,good
abcnews.go.com/Technology/story?id=99540&page=1,good
abcnews.go.com/Travel/best_places_USA/wonders-newport-rhode-island/story?id=14223149,good
abcnews.go.com/Travel/immigration-law-cost-arizona-star-game-push-boycott/story?id=10511724,good
abcnews.go.com/US/hunger_at_home/,good
abcnews.go.com/US/passenger-colleen-oneal-sues-continental-airlines-turbulent-flight/story?id=14723972,good
abcnews.go.com/US/steven-slater-jetblue-flight-attendant-bail-emergency-slide/story?id=11367793&page=3,good
abcnews.go.com/US/story?id=7041036&page=1,good
abcnews.go.com/US/story?id=96466&page=1,good
abcnews.go.com/US/video/men-busted-for-riding-horse-drunk-12598140,good
abcnews.go.com/US/video/parents-say-english-teacher-wrote-adult-novels-13467409,good
abcnews.go.com/US/youtubes-gay-soldier-thought-comfortable/story?id=14569434,good
abcnews.go.com/Video/playerIndex?id=11490063,good
abcnews.go.com/WN/home-ron-claiborne-returns-oakland-calif/story?id=11756296,good
abcnews.go.com/WNT/Investigation/story?id=131658&page=1,good
abcnews.go.com/WNT/story?id=130544&page=1,good
abcnews.go.com/WNT/story?id=131290&page=1,good
abcnews.go.com/WNT/video/politician-prank-rick-astley-session-13368570,good
abcnews.go.com/WNT/video?id=2942410,good
abcnews.go.com/blogs/headlines/2006/07/california_man_/,good
abcnews.go.com/blogs/lifestyle/2009/04/syracuse-basket/,good
abcnews.go.com/blogs/lifestyle/2010/01/univ-of-florida-anticipates-tim-tebow-ad/,good
abcnews.go.com/blogs/politics/2008/01/welcome-maggie/,good
abcnews.go.com/blogs/politics/2011/09/shutdown-showdown-redux-congress-squabbles-over-disaster-relief-money/,good
abcnews.go.com/entertainment,good
abcnews.go.com/international,good
abcnews.go.com/technology,good
abcnews.go.com/us,good
abcnews.go.com/watch/this-week/SH559082/VD5589942/town-hall-should-americans-fear-islam,good
abcoptometry.com/,good
abcourier.com/,good
abcrehearsals.com/,good
abcsearch.info/company/WBC.html,good
abcstudios.brand-advisor.com/app,good
abcstudiosmedianet.com/about_studios/about_studios.shtml,good
abcstudiosmedianet.com/web/homepage/default.aspx,good
abctalentdevelopment.com/programs/,good
abcteach.com/docs/9311.html,good
abd.disney.go.com/abd/en_US/region?name=CentralandSouthAmericaOverviewPage,good
abduzeedo.com/beautiful-type-illustrations-nicolas-Girard,good
abeautifulbehind.bestmalediaries.com/2008/06/bangbangboys-patrick-leoni-2/,good
abeautifulbehind.bestmalediaries.com/2008/06/bangbangboys-patrick-leoni-3/,good
abeautifulmess.typepad.com/my_weblog/2011/08/song-lyric-wall-art-diy-project.html,good
abelovedpolitician.blogspot.com/,good
aberdeen-music.com/,good
abettatomorrow.com/,good
abetterlaney.crowdmap.com/,good
abgensoc.ca/gp/pa19922001.html,good
abgensoc.ca/gp/pa20022010.html,good
abhishekbachchan.org/,good
abibleverse.org/,good
abidjan.usembassy.gov/,good
abielabzyamada.multiply.com/video/item/11?&show_interstitial=1&u=%2Fvideo%2Fitem,good
abielabzyamada.multiply.com/video/item/24,good
abigailkintanar.nowcasting.com/,good
abigdir.com/index.php?q=gist&s=A,good
abington.patch.com/articles/shapiro-and-richards-no-new-taxes-if-elected,good
abiquvax.hmsite.net/zdruzenienavozaciskopje/,good
abitabout.com/Brussels,good
abitabout.com/Fokker+F-27,good
